species_id,species_form,move_id,is_elite_move
1,NORMAL,34,False
1,NORMAL,59,False
1,NORMAL,81,False
1,NORMAL,746,False
1,NORMAL,753,False
2,NORMAL,59,False
2,NORMAL,79,False
2,NORMAL,81,False
2,NORMAL,746,False
2,NORMAL,747,False
3,NORMAL,4,False
3,NORMAL,24,False
3,NORMAL,59,False
3,NORMAL,79,False
3,NORMAL,192,True
3,NORMAL,746,False
3,NORMAL,747,False
4,NORMAL,8,False
4,NORMAL,67,False
4,NORMAL,68,False
4,NORMAL,741,False
4,NORMAL,752,False
5,NORMAL,8,False
5,NORMAL,68,False
5,NORMAL,78,False
5,NORMAL,741,False
5,NORMAL,752,True
5,NORMAL,772,False
6,NORMAL,8,True
6,NORMAL,52,False
6,NORMAL,69,False
6,NORMAL,82,False
6,NORMAL,166,False
6,NORMAL,194,True
6,NORMAL,736,True
6,NORMAL,741,True
6,NORMAL,742,True
6,NORMAL,787,False
6,NORMAL,801,False
7,NORMAL,32,False
7,NORMAL,33,False
7,NORMAL,71,False
7,NORMAL,753,False
7,NORMAL,769,False
8,NORMAL,19,False
8,NORMAL,32,False
8,NORMAL,73,False
8,NORMAL,734,False
8,NORMAL,762,False
9,NORMAL,17,False
9,NORMAL,19,False
9,NORMAL,73,False
9,NORMAL,195,True
9,NORMAL,198,False
9,NORMAL,734,False
9,NORMAL,762,False
9,NORMAL,891,False
10,NORMAL,91,False
10,NORMAL,733,False
10,NORMAL,753,False
11,NORMAL,91,False
11,NORMAL,733,False
11,NORMAL,753,False
12,NORMAL,26,False
12,NORMAL,65,False
12,NORMAL,74,False
12,NORMAL,733,True
12,NORMAL,767,False
12,NORMAL,793,False
13,NORMAL,91,False
13,NORMAL,733,False
13,NORMAL,768,False
14,NORMAL,91,False
14,NORMAL,733,False
14,NORMAL,768,False
15,NORMAL,22,False
15,NORMAL,23,True
15,NORMAL,59,False
15,NORMAL,66,False
15,NORMAL,206,False
15,NORMAL,733,True
15,NORMAL,756,False
15,NORMAL,768,False
15,NORMAL,792,False
16,NORMAL,22,False
16,NORMAL,50,False
16,NORMAL,82,False
16,NORMAL,751,False
16,NORMAL,753,False
17,NORMAL,22,False
17,NORMAL,50,False
17,NORMAL,82,False
17,NORMAL,742,False
17,NORMAL,771,False
18,NORMAL,21,False
18,NORMAL,22,False
18,NORMAL,82,True
18,NORMAL,83,False
18,NORMAL,152,False
18,NORMAL,239,False
18,NORMAL,742,True
18,NORMAL,771,False
18,NORMAL,787,False
18,NORMAL,873,True
19,ALOLA,43,False
19,ALOLA,88,False
19,ALOLA,175,False
19,ALOLA,751,False
19,ALOLA,753,False
19,NORMAL,9,False
19,NORMAL,88,False
19,NORMAL,89,False
19,NORMAL,751,False
19,NORMAL,753,False
20,ALOLA,2,False
20,ALOLA,88,False
20,ALOLA,175,False
20,ALOLA,734,False
20,ALOLA,751,False
20,NORMAL,2,False
20,NORMAL,9,False
20,NORMAL,88,False
20,NORMAL,734,False
20,NORMAL,751,False
21,NORMAL,18,False
21,NORMAL,22,False
21,NORMAL,50,True
21,NORMAL,153,False
21,NORMAL,743,False
21,NORMAL,751,False
22,NORMAL,18,False
22,NORMAL,22,False
22,NORMAL,23,False
22,NORMAL,50,True
22,NORMAL,153,False
22,NORMAL,233,False
22,NORMAL,743,False
22,NORMAL,771,False
23,NORMAL,1,False
23,NORMAL,27,False
23,NORMAL,59,False
23,NORMAL,61,True
23,NORMAL,757,False
23,NORMAL,768,False
24,NORMAL,3,False
24,NORMAL,60,False
24,NORMAL,61,False
24,NORMAL,199,False
24,NORMAL,734,False
24,NORMAL,757,False
24,NORMAL,768,False
24,NORMAL,785,False
25,NORMAL,16,False
25,NORMAL,48,True
25,NORMAL,49,False
25,NORMAL,147,False
25,NORMAL,180,True
25,NORMAL,737,False
25,NORMAL,751,False
25,NORMAL,823,True
26,ALOLA,35,False
26,ALOLA,47,False
26,ALOLA,74,False
26,ALOLA,147,False
26,ALOLA,168,False
26,ALOLA,180,False
26,ALOLA,279,False
26,ALOLA,737,False
26,ALOLA,738,False
26,ALOLA,782,False
26,NORMAL,47,False
26,NORMAL,48,True
26,NORMAL,84,False
26,NORMAL,147,False
26,NORMAL,180,False
26,NORMAL,198,False
26,NORMAL,279,False
26,NORMAL,737,False
26,NORMAL,738,False
26,NORMAL,782,False
26,NORMAL,850,False
27,ALOLA,20,False
27,ALOLA,28,False
27,ALOLA,163,False
27,ALOLA,760,False
27,ALOLA,776,False
27,NORMAL,9,False
27,NORMAL,37,True
27,NORMAL,38,False
27,NORMAL,154,False
27,NORMAL,748,False
27,NORMAL,752,False
27,NORMAL,926,False
28,ALOLA,14,False
28,ALOLA,20,False
28,ALOLA,22,False
28,ALOLA,23,False
28,ALOLA,63,False
28,ALOLA,163,False
28,ALOLA,745,True
28,ALOLA,760,False
28,ALOLA,776,False
28,NORMAL,12,False
28,NORMAL,28,True
28,NORMAL,37,False
28,NORMAL,63,False
28,NORMAL,280,False
28,NORMAL,748,False
28,NORMAL,760,False
28,NORMAL,926,False
29,NORMAL,27,False
29,NORMAL,59,False
29,NORMAL,89,False
29,NORMAL,734,False
29,NORMAL,768,False
30,NORMAL,9,False
30,NORMAL,27,False
30,NORMAL,49,False
30,NORMAL,59,False
30,NORMAL,734,False
30,NORMAL,768,False
31,NORMAL,12,False
31,NORMAL,13,False
31,NORMAL,27,False
31,NORMAL,60,False
31,NORMAL,200,False
31,NORMAL,734,False
31,NORMAL,756,False
31,NORMAL,765,False
31,NORMAL,768,False
32,NORMAL,59,False
32,NORMAL,86,False
32,NORMAL,89,False
32,NORMAL,743,False
32,NORMAL,768,False
33,NORMAL,9,False
33,NORMAL,19,False
33,NORMAL,59,False
33,NORMAL,86,False
33,NORMAL,756,False
33,NORMAL,768,False
34,NORMAL,7,False
34,NORMAL,12,False
34,NORMAL,60,False
34,NORMAL,154,False
34,NORMAL,200,False
34,NORMAL,732,True
34,NORMAL,756,False
34,NORMAL,768,False
34,NORMAL,798,False
34,NORMAL,879,False
35,NORMAL,53,False
35,NORMAL,56,False
35,NORMAL,85,False
35,NORMAL,89,False
35,NORMAL,754,False
35,NORMAL,766,False
36,NORMAL,54,False
36,NORMAL,55,False
36,NORMAL,56,False
36,NORMAL,74,False
36,NORMAL,85,False
36,NORMAL,197,False
36,NORMAL,754,True
36,NORMAL,766,False
36,NORMAL,781,False
36,NORMAL,850,False
36,NORMAL,876,False
37,ALOLA,3,False
37,ALOLA,19,False
37,ALOLA,20,False
37,ALOLA,189,False
37,ALOLA,766,False
37,ALOLA,776,False
37,NORMAL,8,False
37,NORMAL,67,False
37,NORMAL,89,False
37,NORMAL,188,False
37,NORMAL,741,False
37,NORMAL,751,False
38,ALOLA,19,False
38,ALOLA,20,False
38,ALOLA,35,False
38,ALOLA,55,False
38,ALOLA,189,False
38,ALOLA,312,True
38,ALOLA,770,False
38,ALOLA,776,False
38,ALOLA,850,False
38,NORMAL,8,True
38,NORMAL,21,False
38,NORMAL,35,False
38,NORMAL,69,True
38,NORMAL,79,False
38,NORMAL,166,False
38,NORMAL,169,True
38,NORMAL,188,False
38,NORMAL,280,False
38,NORMAL,741,True
38,NORMAL,770,False
38,NORMAL,801,False
39,NORMAL,53,False
39,NORMAL,55,False
39,NORMAL,57,True
39,NORMAL,85,False
39,NORMAL,89,True
39,NORMAL,163,False
39,NORMAL,754,False
39,NORMAL,770,False
40,NORMAL,2,False
40,NORMAL,19,False
40,NORMAL,53,False
40,NORMAL,55,False
40,NORMAL,57,False
40,NORMAL,76,False
40,NORMAL,85,False
40,NORMAL,754,False
40,NORMAL,770,False
40,NORMAL,850,False
41,NORMAL,27,False
41,NORMAL,59,True
41,NORMAL,82,False
41,NORMAL,85,False
41,NORMAL,734,False
41,NORMAL,751,False
42,NORMAL,27,False
42,NORMAL,42,True
42,NORMAL,43,False
42,NORMAL,82,False
42,NORMAL,734,False
42,NORMAL,742,False
43,NORMAL,34,False
43,NORMAL,56,False
43,NORMAL,59,False
43,NORMAL,747,False
43,NORMAL,757,False
44,NORMAL,24,False
44,NORMAL,56,False
44,NORMAL,59,False
44,NORMAL,747,False
44,NORMAL,757,False
45,NORMAL,24,False
45,NORMAL,56,False
45,NORMAL,59,False
45,NORMAL,79,False
45,NORMAL,747,False
45,NORMAL,757,False
46,NORMAL,34,False
46,NORMAL,58,False
46,NORMAL,66,False
46,NORMAL,733,False
46,NORMAL,752,False
47,NORMAL,58,False
47,NORMAL,66,False
47,NORMAL,79,False
47,NORMAL,732,False
47,NORMAL,733,True
47,NORMAL,793,False
48,NORMAL,11,False
48,NORMAL,27,False
48,NORMAL,65,False
48,NORMAL,733,False
48,NORMAL,767,False
49,NORMAL,26,False
49,NORMAL,27,False
49,NORMAL,74,False
49,NORMAL,158,False
49,NORMAL,733,True
49,NORMAL,767,False
49,NORMAL,792,False
49,NORMAL,924,False
50,ALOLA,9,False
50,ALOLA,37,False
50,ALOLA,64,False
50,ALOLA,760,False
50,ALOLA,765,False
50,ALOLA,926,False
50,NORMAL,9,False
50,NORMAL,37,False
50,NORMAL,64,False
50,NORMAL,748,False
50,NORMAL,752,False
50,NORMAL,765,False
51,ALOLA,12,False
51,ALOLA,45,False
51,ALOLA,64,False
51,ALOLA,760,False
51,ALOLA,765,False
51,ALOLA,926,False
51,NORMAL,12,False
51,NORMAL,13,False
51,NORMAL,64,False
51,NORMAL,735,False
51,NORMAL,748,False
51,NORMAL,765,False
52,ALOLA,3,False
52,ALOLA,28,False
52,ALOLA,176,False
52,ALOLA,279,False
52,ALOLA,734,False
52,ALOLA,752,False
52,GALARIAN,9,False
52,GALARIAN,28,False
52,GALARIAN,163,False
52,GALARIAN,279,False
52,GALARIAN,752,False
52,GALARIAN,760,False
52,GALARIAN,925,False
52,NORMAL,3,False
52,NORMAL,28,False
52,NORMAL,89,True
52,NORMAL,176,False
52,NORMAL,734,False
52,NORMAL,752,False
53,ALOLA,3,False
53,ALOLA,57,False
53,ALOLA,176,False
53,ALOLA,225,False
53,ALOLA,279,False
53,ALOLA,752,False
53,ALOLA,770,False
53,NORMAL,28,True
53,NORMAL,39,False
53,NORMAL,57,False
53,NORMAL,176,False
53,NORMAL,225,False
53,NORMAL,752,False
53,NORMAL,770,False
54,NORMAL,10,False
54,NORMAL,11,False
54,NORMAL,33,False
54,NORMAL,762,False
54,NORMAL,766,False
55,NORMAL,10,False
55,NORMAL,19,False
55,NORMAL,29,False
55,NORMAL,73,False
55,NORMAL,74,False
55,NORMAL,218,False
55,NORMAL,270,False
55,NORMAL,762,False
55,NORMAL,767,False
56,NORMAL,10,False
56,NORMAL,31,False
56,NORMAL,84,False
56,NORMAL,740,False
56,NORMAL,752,False
57,NORMAL,10,True
57,NORMAL,14,False
57,NORMAL,28,False
57,NORMAL,31,False
57,NORMAL,141,False
57,NORMAL,298,True
57,NORMAL,739,False
57,NORMAL,740,True
57,NORMAL,775,False
58,HISUIAN,8,False
58,HISUIAN,38,False
58,HISUIAN,175,False
58,HISUIAN,734,False
58,HISUIAN,741,False
58,NORMAL,6,False
58,NORMAL,8,False
58,NORMAL,89,False
58,NORMAL,734,False
58,NORMAL,741,False
59,HISUIAN,8,False
59,HISUIAN,38,False
59,HISUIAN,147,False
59,HISUIAN,175,False
59,HISUIAN,772,False
59,HISUIAN,773,False
59,HISUIAN,810,False
59,NORMAL,8,False
59,NORMAL,63,True
59,NORMAL,69,False
59,NORMAL,147,False
59,NORMAL,175,False
59,NORMAL,242,False
59,NORMAL,280,False
59,NORMAL,734,True
59,NORMAL,772,False
59,NORMAL,810,False
59,NORMAL,856,False
60,NORMAL,29,False
60,NORMAL,64,False
60,NORMAL,89,False
60,NORMAL,748,False
60,NORMAL,769,False
61,NORMAL,29,False
61,NORMAL,64,False
61,NORMAL,71,False
61,NORMAL,72,True
61,NORMAL,748,False
61,NORMAL,769,False
62,NORMAL,14,False
62,NORMAL,30,True
62,NORMAL,72,False
62,NORMAL,73,False
62,NORMAL,76,False
62,NORMAL,142,False
62,NORMAL,213,False
62,NORMAL,748,False
62,NORMAL,769,False
62,NORMAL,773,False
62,NORMAL,775,True
63,NORMAL,35,False
63,NORMAL,43,False
63,NORMAL,65,False
63,NORMAL,766,False
63,NORMAL,781,False
64,NORMAL,11,False
64,NORMAL,43,False
64,NORMAL,55,False
64,NORMAL,758,False
64,NORMAL,767,False
65,NORMAL,43,False
65,NORMAL,55,True
65,NORMAL,74,True
65,NORMAL,78,False
65,NORMAL,143,False
65,NORMAL,171,False
65,NORMAL,758,False
65,NORMAL,767,False
65,NORMAL,775,True
66,NORMAL,10,False
66,NORMAL,31,False
66,NORMAL,84,False
66,NORMAL,739,True
66,NORMAL,740,False
66,NORMAL,773,False
67,NORMAL,10,True
67,NORMAL,30,False
67,NORMAL,84,False
67,NORMAL,142,False
67,NORMAL,739,False
67,NORMAL,740,False
68,NORMAL,10,False
68,NORMAL,13,True
68,NORMAL,30,True
68,NORMAL,38,False
68,NORMAL,141,False
68,NORMAL,142,False
68,NORMAL,164,False
68,NORMAL,225,True
68,NORMAL,740,True
68,NORMAL,761,False
68,NORMAL,775,False
69,NORMAL,1,False
69,NORMAL,59,False
69,NORMAL,81,False
69,NORMAL,746,False
69,NORMAL,757,False
70,NORMAL,34,False
70,NORMAL,59,False
70,NORMAL,81,False
70,NORMAL,747,True
70,NORMAL,757,False
70,NORMAL,803,False
71,NORMAL,59,False
71,NORMAL,79,False
71,NORMAL,80,False
71,NORMAL,199,False
71,NORMAL,207,False
71,NORMAL,747,False
71,NORMAL,757,False
71,NORMAL,880,True
72,NORMAL,1,False
72,NORMAL,29,False
72,NORMAL,71,False
72,NORMAL,768,False
72,NORMAL,769,False
73,NORMAL,20,False
73,NORMAL,60,False
73,NORMAL,72,False
73,NORMAL,73,False
73,NORMAL,199,False
73,NORMAL,225,False
73,NORMAL,756,False
73,NORMAL,757,False
73,NORMAL,768,False
74,ALOLA,37,False
74,ALOLA,38,False
74,ALOLA,49,False
74,ALOLA,759,False
74,ALOLA,782,False
74,NORMAL,9,False
74,NORMAL,37,False
74,NORMAL,38,False
74,NORMAL,753,False
74,NORMAL,759,False
75,ALOLA,13,False
75,ALOLA,49,False
75,ALOLA,155,False
75,ALOLA,759,False
75,ALOLA,782,False
75,NORMAL,9,False
75,NORMAL,13,False
75,NORMAL,38,True
75,NORMAL,155,False
75,NORMAL,748,False
75,NORMAL,759,False
75,NORMAL,765,False
76,ALOLA,13,False
76,ALOLA,147,False
76,ALOLA,155,False
76,ALOLA,759,False
76,ALOLA,782,False
76,ALOLA,891,True
76,NORMAL,12,False
76,NORMAL,13,False
76,NORMAL,36,False
76,NORMAL,155,False
76,NORMAL,748,False
76,NORMAL,759,False
76,NORMAL,765,False
77,GALARIAN,11,False
77,GALARIAN,57,False
77,GALARIAN,85,False
77,GALARIAN,739,False
77,GALARIAN,758,False
77,NORMAL,6,False
77,NORMAL,67,False
77,NORMAL,69,True
77,NORMAL,87,False
77,NORMAL,741,False
77,NORMAL,753,False
78,GALARIAN,7,False
78,GALARIAN,57,False
78,GALARIAN,74,False
78,GALARIAN,89,False
78,GALARIAN,147,True
78,GALARIAN,264,False
78,GALARIAN,739,False
78,GALARIAN,758,False
78,GALARIAN,876,False
78,NORMAL,21,False
78,NORMAL,23,False
78,NORMAL,67,False
78,NORMAL,69,False
78,NORMAL,147,True
78,NORMAL,280,False
78,NORMAL,739,False
78,NORMAL,741,True
78,NORMAL,801,False
78,NORMAL,874,False
79,GALARIAN,35,False
79,GALARIAN,74,False
79,GALARIAN,180,False
79,GALARIAN,767,False
79,GALARIAN,798,False
79,NORMAL,35,False
79,NORMAL,71,False
79,NORMAL,74,False
79,NORMAL,762,False
79,NORMAL,767,False
80,GALARIAN,59,False
80,GALARIAN,72,False
80,GALARIAN,74,False
80,GALARIAN,143,False
80,GALARIAN,180,True
80,GALARIAN,208,False
80,GALARIAN,254,False
80,GALARIAN,756,False
80,GALARIAN,767,False
80,NORMAL,19,False
80,NORMAL,71,False
80,NORMAL,72,False
80,NORMAL,74,False
80,NORMAL,180,True
80,NORMAL,208,False
80,NORMAL,762,False
80,NORMAL,767,False
81,NORMAL,16,False
81,NORMAL,44,False
81,NORMAL,49,False
81,NORMAL,737,False
81,NORMAL,738,False
81,NORMAL,782,False
81,NORMAL,925,False
82,NORMAL,16,False
82,NORMAL,17,False
82,NORMAL,44,False
82,NORMAL,148,False
82,NORMAL,737,False
82,NORMAL,738,False
82,NORMAL,781,False
82,NORMAL,782,False
82,NORMAL,925,False
83,GALARIAN,80,False
83,GALARIAN,84,False
83,GALARIAN,152,False
83,GALARIAN,732,False
83,GALARIAN,773,False
83,NORMAL,22,False
83,NORMAL,80,False
83,NORMAL,82,False
83,NORMAL,732,False
83,NORMAL,755,True
83,NORMAL,787,False
84,NORMAL,18,False
84,NORMAL,22,False
84,NORMAL,85,True
84,NORMAL,152,False
84,NORMAL,743,False
84,NORMAL,751,False
85,NORMAL,18,False
85,NORMAL,22,False
85,NORMAL,82,True
85,NORMAL,152,False
85,NORMAL,279,False
85,NORMAL,743,False
85,NORMAL,770,False
85,NORMAL,771,False
86,NORMAL,32,True
86,NORMAL,33,False
86,NORMAL,76,False
86,NORMAL,144,False
86,NORMAL,744,False
86,NORMAL,749,False
86,NORMAL,762,True
87,NORMAL,20,False
87,NORMAL,23,False
87,NORMAL,32,True
87,NORMAL,71,False
87,NORMAL,76,True
87,NORMAL,144,False
87,NORMAL,270,False
87,NORMAL,749,True
87,NORMAL,750,False
87,NORMAL,798,False
88,ALOLA,59,False
88,ALOLA,61,False
88,ALOLA,175,False
88,ALOLA,734,False
88,ALOLA,756,False
88,NORMAL,4,False
88,NORMAL,59,False
88,NORMAL,64,False
88,NORMAL,756,False
88,NORMAL,765,False
89,ALOLA,3,False
89,ALOLA,60,False
89,ALOLA,61,False
89,ALOLA,199,False
89,ALOLA,734,False
89,ALOLA,756,False
89,ALOLA,810,False
89,NORMAL,3,False
89,NORMAL,47,False
89,NORMAL,60,False
89,NORMAL,61,False
89,NORMAL,199,False
89,NORMAL,744,True
89,NORMAL,756,False
89,NORMAL,792,False
90,NORMAL,29,False
90,NORMAL,71,False
90,NORMAL,76,False
90,NORMAL,212,False
90,NORMAL,749,False
90,NORMAL,753,False
91,NORMAL,20,True
91,NORMAL,73,False
91,NORMAL,76,False
91,NORMAL,144,False
91,NORMAL,150,False
91,NORMAL,212,False
91,NORMAL,270,False
91,NORMAL,749,False
91,NORMAL,750,False
92,NORMAL,3,False
92,NORMAL,42,True
92,NORMAL,59,False
92,NORMAL,161,False
92,NORMAL,735,True
92,NORMAL,744,False
92,NORMAL,795,False
93,NORMAL,3,False
93,NORMAL,14,False
93,NORMAL,41,False
93,NORMAL,43,False
93,NORMAL,59,False
93,NORMAL,744,True
93,NORMAL,745,False
93,NORMAL,795,False
94,NORMAL,3,True
94,NORMAL,41,True
94,NORMAL,43,False
94,NORMAL,59,False
94,NORMAL,60,True
94,NORMAL,74,True
94,NORMAL,143,False
94,NORMAL,208,False
94,NORMAL,735,False
94,NORMAL,744,True
94,NORMAL,745,False
94,NORMAL,796,False
95,NORMAL,13,False
95,NORMAL,38,True
95,NORMAL,45,True
95,NORMAL,154,False
95,NORMAL,164,False
95,NORMAL,266,False
95,NORMAL,753,False
95,NORMAL,759,False
96,NORMAL,11,False
96,NORMAL,35,False
96,NORMAL,74,False
96,NORMAL,754,False
96,NORMAL,767,False
97,NORMAL,14,False
97,NORMAL,35,True
97,NORMAL,43,False
97,NORMAL,47,False
97,NORMAL,74,False
97,NORMAL,78,False
97,NORMAL,143,False
97,NORMAL,171,False
97,NORMAL,766,False
97,NORMAL,767,False
98,NORMAL,5,False
98,NORMAL,29,False
98,NORMAL,71,False
98,NORMAL,212,False
98,NORMAL,748,False
98,NORMAL,769,False
99,NORMAL,5,False
99,NORMAL,66,False
99,NORMAL,71,False
99,NORMAL,201,False
99,NORMAL,212,False
99,NORMAL,748,True
99,NORMAL,760,False
99,NORMAL,769,False
100,HISUIAN,49,False
100,HISUIAN,85,False
100,HISUIAN,169,False
100,HISUIAN,753,False
100,HISUIAN,781,False
100,NORMAL,16,False
100,NORMAL,49,False
100,NORMAL,65,True
100,NORMAL,163,False
100,NORMAL,738,False
100,NORMAL,753,False
101,HISUIAN,85,False
101,HISUIAN,147,False
101,HISUIAN,169,False
101,HISUIAN,737,False
101,HISUIAN,753,False
101,NORMAL,2,False
101,NORMAL,16,False
101,NORMAL,49,False
101,NORMAL,176,False
101,NORMAL,738,False
101,NORMAL,753,True
101,NORMAL,782,False
102,NORMAL,34,False
102,NORMAL,36,False
102,NORMAL,74,False
102,NORMAL,767,False
102,NORMAL,803,False
103,ALOLA,34,False
103,ALOLA,51,False
103,ALOLA,79,False
103,ALOLA,181,True
103,ALOLA,785,False
103,ALOLA,803,False
103,NORMAL,34,False
103,NORMAL,74,False
103,NORMAL,79,False
103,NORMAL,766,True
103,NORMAL,767,False
103,NORMAL,803,False
103,NORMAL,806,False
104,NORMAL,9,False
104,NORMAL,62,False
104,NORMAL,63,False
104,NORMAL,765,False
104,NORMAL,773,False
105,ALOLA,6,False
105,ALOLA,43,False
105,ALOLA,62,False
105,ALOLA,69,False
105,ALOLA,209,True
105,ALOLA,773,False
105,ALOLA,796,False
105,ALOLA,801,False
105,NORMAL,9,False
105,NORMAL,12,False
105,NORMAL,38,False
105,NORMAL,62,False
105,NORMAL,765,False
105,NORMAL,773,False
106,NORMAL,13,False
106,NORMAL,31,False
106,NORMAL,84,True
106,NORMAL,87,True
106,NORMAL,141,False
106,NORMAL,211,False
106,NORMAL,739,False
106,NORMAL,773,False
106,NORMAL,879,False
107,NORMAL,14,False
107,NORMAL,47,False
107,NORMAL,78,False
107,NORMAL,84,True
107,NORMAL,141,False
107,NORMAL,213,False
107,NORMAL,761,False
107,NORMAL,773,True
107,NORMAL,775,False
108,NORMAL,1,False
108,NORMAL,2,False
108,NORMAL,81,False
108,NORMAL,87,False
108,NORMAL,89,True
108,NORMAL,744,False
108,NORMAL,766,False
109,NORMAL,3,False
109,NORMAL,4,False
109,NORMAL,59,False
109,NORMAL,753,False
109,NORMAL,792,False
110,GALARIAN,2,False
110,GALARIAN,4,False
110,GALARIAN,57,False
110,GALARIAN,166,False
110,GALARIAN,254,False
110,GALARIAN,753,False
110,GALARIAN,876,False
110,NORMAL,3,False
110,NORMAL,43,False
110,NORMAL,49,False
110,NORMAL,59,False
110,NORMAL,753,False
110,NORMAL,792,False
110,NORMAL,891,False
111,NORMAL,63,False
111,NORMAL,86,False
111,NORMAL,87,False
111,NORMAL,765,False
111,NORMAL,773,False
112,NORMAL,7,True
112,NORMAL,12,False
112,NORMAL,13,False
112,NORMAL,180,False
112,NORMAL,266,False
112,NORMAL,765,False
112,NORMAL,773,False
113,NORMAL,2,False
113,NORMAL,55,False
113,NORMAL,74,False
113,NORMAL,754,False
113,NORMAL,766,False
114,NORMAL,59,False
114,NORMAL,79,False
114,NORMAL,81,True
114,NORMAL,168,False
114,NORMAL,746,False
114,NORMAL,792,False
115,NORMAL,12,False
115,NORMAL,84,True
115,NORMAL,87,True
115,NORMAL,173,False
115,NORMAL,175,False
115,NORMAL,213,False
115,NORMAL,739,False
115,NORMAL,765,False
116,NORMAL,17,False
116,NORMAL,29,False
116,NORMAL,51,False
116,NORMAL,762,False
116,NORMAL,769,False
117,NORMAL,20,True
117,NORMAL,51,False
117,NORMAL,73,False
117,NORMAL,144,False
117,NORMAL,736,False
117,NORMAL,762,False
118,NORMAL,33,False
118,NORMAL,71,False
118,NORMAL,86,False
118,NORMAL,743,False
118,NORMAL,748,False
119,NORMAL,7,False
119,NORMAL,19,False
119,NORMAL,23,True
119,NORMAL,71,False
119,NORMAL,76,True
119,NORMAL,743,False
119,NORMAL,756,True
119,NORMAL,815,False
120,NORMAL,29,False
120,NORMAL,39,False
120,NORMAL,85,False
120,NORMAL,753,False
120,NORMAL,762,False
121,NORMAL,11,False
121,NORMAL,19,False
121,NORMAL,39,False
121,NORMAL,48,False
121,NORMAL,73,False
121,NORMAL,74,False
121,NORMAL,180,False
121,NORMAL,753,True
121,NORMAL,762,False
121,NORMAL,813,False
121,NORMAL,924,False
122,MIME,11,False
122,MIME,43,False
122,MIME,74,False
122,MIME,766,False
122,MIME,767,False
122,MIME,880,False
122,MIME,924,False
122,MIME_GALARIAN,11,False
122,MIME_GALARIAN,14,False
122,MIME_GALARIAN,74,False
122,MIME_GALARIAN,278,False
122,MIME_GALARIAN,766,False
122,MIME_GALARIAN,767,False
123,NORMAL,22,False
123,NORMAL,26,True
123,NORMAL,28,False
123,NORMAL,66,False
123,NORMAL,279,False
123,NORMAL,732,False
123,NORMAL,771,True
123,NORMAL,787,False
124,NORMAL,14,True
124,NORMAL,35,False
124,NORMAL,54,False
124,NORMAL,143,False
124,NORMAL,150,False
124,NORMAL,750,False
124,NORMAL,754,True
124,NORMAL,767,False
125,NORMAL,47,False
125,NORMAL,48,False
125,NORMAL,49,False
125,NORMAL,737,False
125,NORMAL,739,False
126,NORMAL,8,False
126,NORMAL,69,False
126,NORMAL,78,False
126,NORMAL,280,False
126,NORMAL,740,False
126,NORMAL,741,False
127,NORMAL,5,False
127,NORMAL,30,True
127,NORMAL,66,False
127,NORMAL,141,False
127,NORMAL,205,False
127,NORMAL,732,False
127,NORMAL,733,False
127,NORMAL,773,False
128,NORMAL,12,False
128,NORMAL,45,False
128,NORMAL,86,False
128,NORMAL,279,False
128,NORMAL,753,False
128,NORMAL,766,False
128,PALDEA_AQUA,12,False
128,PALDEA_AQUA,32,False
128,PALDEA_AQUA,45,False
128,PALDEA_AQUA,279,False
128,PALDEA_AQUA,753,False
128,PALDEA_AQUA,766,False
128,PALDEA_AQUA,879,False
128,PALDEA_BLAZE,12,False
128,PALDEA_BLAZE,45,False
128,PALDEA_BLAZE,67,False
128,PALDEA_BLAZE,279,False
128,PALDEA_BLAZE,753,False
128,PALDEA_BLAZE,766,False
128,PALDEA_BLAZE,879,False
128,PALDEA_COMBAT,12,False
128,PALDEA_COMBAT,45,False
128,PALDEA_COMBAT,141,False
128,PALDEA_COMBAT,279,False
128,PALDEA_COMBAT,753,False
128,PALDEA_COMBAT,766,False
128,PALDEA_COMBAT,879,False
129,NORMAL,91,False
129,NORMAL,763,False
130,NORMAL,33,True
130,NORMAL,50,False
130,NORMAL,51,True
130,NORMAL,73,False
130,NORMAL,173,False
130,NORMAL,175,False
130,NORMAL,734,False
130,NORMAL,736,False
130,NORMAL,785,True
130,NORMAL,815,False
131,NORMAL,19,True
131,NORMAL,20,False
131,NORMAL,51,True
131,NORMAL,73,False
131,NORMAL,180,False
131,NORMAL,198,False
131,NORMAL,297,False
131,NORMAL,749,True
131,NORMAL,750,False
131,NORMAL,762,False
131,NORMAL,924,False
132,NORMAL,91,False
132,NORMAL,774,False
133,NORMAL,9,False
133,NORMAL,85,False
133,NORMAL,89,True
133,NORMAL,196,True
133,NORMAL,751,False
133,NORMAL,753,False
134,NORMAL,33,False
134,NORMAL,71,False
134,NORMAL,72,True
134,NORMAL,73,False
134,NORMAL,196,True
134,NORMAL,270,False
134,NORMAL,762,False
135,NORMAL,16,False
135,NORMAL,48,False
135,NORMAL,49,False
135,NORMAL,148,True
135,NORMAL,196,True
135,NORMAL,737,False
135,NORMAL,782,False
136,NORMAL,8,False
136,NORMAL,21,True
136,NORMAL,69,False
136,NORMAL,166,False
136,NORMAL,196,True
136,NORMAL,205,True
136,NORMAL,741,False
136,NORMAL,801,False
137,NORMAL,2,False
137,NORMAL,11,True
137,NORMAL,16,True
137,NORMAL,65,True
137,NORMAL,79,False
137,NORMAL,148,False
137,NORMAL,753,True
137,NORMAL,766,True
137,NORMAL,781,False
137,NORMAL,813,False
138,NORMAL,29,False
138,NORMAL,36,False
138,NORMAL,37,True
138,NORMAL,70,True
138,NORMAL,155,False
138,NORMAL,748,False
138,NORMAL,762,False
139,NORMAL,36,False
139,NORMAL,38,True
139,NORMAL,73,False
139,NORMAL,155,False
139,NORMAL,748,False
139,NORMAL,759,True
139,NORMAL,762,False
140,NORMAL,32,False
140,NORMAL,36,False
140,NORMAL,37,False
140,NORMAL,748,False
140,NORMAL,752,False
141,NORMAL,13,False
141,NORMAL,36,False
141,NORMAL,71,False
141,NORMAL,732,True
141,NORMAL,748,False
141,NORMAL,773,False
141,NORMAL,815,False
142,NORMAL,2,False
142,NORMAL,36,False
142,NORMAL,38,False
142,NORMAL,45,False
142,NORMAL,200,False
142,NORMAL,734,False
142,NORMAL,736,False
142,NORMAL,759,False
142,NORMAL,771,False
143,NORMAL,2,False
143,NORMAL,12,False
143,NORMAL,89,False
143,NORMAL,164,False
143,NORMAL,173,False
143,NORMAL,198,False
143,NORMAL,205,False
143,NORMAL,744,False
143,NORMAL,766,False
143,NORMAL,819,True
144,GALARIAN,36,False
144,GALARIAN,152,False
144,GALARIAN,171,False
144,GALARIAN,233,False
144,GALARIAN,758,False
144,GALARIAN,767,False
144,NORMAL,19,False
144,NORMAL,20,False
144,NORMAL,36,False
144,NORMAL,76,False
144,NORMAL,83,True
144,NORMAL,278,False
144,NORMAL,749,False
144,NORMAL,750,False
144,NORMAL,776,False
145,GALARIAN,36,False
145,GALARIAN,141,False
145,GALARIAN,152,False
145,GALARIAN,233,False
145,GALARIAN,775,False
145,NORMAL,18,False
145,NORMAL,21,False
145,NORMAL,36,False
145,NORMAL,48,False
145,NORMAL,49,False
145,NORMAL,148,False
145,NORMAL,737,True
145,NORMAL,781,False
146,GALARIAN,36,False
146,GALARIAN,152,False
146,GALARIAN,225,False
146,GALARIAN,233,False
146,GALARIAN,735,False
146,GALARIAN,742,False
146,NORMAL,21,False
146,NORMAL,36,False
146,NORMAL,69,False
146,NORMAL,153,True
146,NORMAL,166,False
146,NORMAL,233,False
146,NORMAL,742,False
146,NORMAL,801,False
147,NORMAL,1,False
147,NORMAL,33,False
147,NORMAL,50,False
147,NORMAL,736,False
147,NORMAL,798,False
148,NORMAL,1,False
148,NORMAL,33,False
148,NORMAL,51,False
148,NORMAL,89,False
148,NORMAL,736,False
148,NORMAL,798,False
149,NORMAL,2,False
149,NORMAL,47,False
149,NORMAL,51,True
149,NORMAL,52,False
149,NORMAL,83,False
149,NORMAL,173,False
149,NORMAL,181,True
149,NORMAL,205,False
149,NORMAL,736,False
149,NORMAL,771,False
149,NORMAL,785,False
150,A,12,False
150,A,38,False
150,A,75,True
150,A,142,False
150,A,171,False
150,A,767,False
150,A,798,False
150,NORMAL,2,True
150,NORMAL,8,False
150,NORMAL,19,False
150,NORMAL,43,True
150,NORMAL,49,False
150,NORMAL,74,False
150,NORMAL,75,True
150,NORMAL,143,False
150,NORMAL,758,False
150,NORMAL,767,False
150,NORMAL,775,True
151,NORMAL,2,False
151,NORMAL,3,False
151,NORMAL,13,False
151,NORMAL,17,False
151,NORMAL,19,False
151,NORMAL,20,False
151,NORMAL,31,False
151,NORMAL,35,False
151,NORMAL,36,False
151,NORMAL,38,False
151,NORMAL,48,False
151,NORMAL,49,False
151,NORMAL,52,False
151,NORMAL,55,False
151,NORMAL,63,False
151,NORMAL,67,False
151,NORMAL,74,False
151,NORMAL,79,False
151,NORMAL,143,False
151,NORMAL,147,False
151,NORMAL,163,False
151,NORMAL,166,False
151,NORMAL,168,False
151,NORMAL,169,False
151,NORMAL,180,False
151,NORMAL,745,False
151,NORMAL,750,False
151,NORMAL,754,False
151,NORMAL,755,False
151,NORMAL,756,False
151,NORMAL,771,False
151,NORMAL,773,False
151,NORMAL,781,False
151,NORMAL,782,False
151,NORMAL,785,False
151,NORMAL,792,False
151,NORMAL,793,False
151,NORMAL,810,False
151,NORMAL,815,False
152,NORMAL,89,False
152,NORMAL,168,False
152,NORMAL,169,False
152,NORMAL,746,False
152,NORMAL,753,False
152,NORMAL,880,False
153,NORMAL,36,False
153,NORMAL,168,False
153,NORMAL,169,False
153,NORMAL,747,False
153,NORMAL,753,False
153,NORMAL,880,False
154,NORMAL,12,False
154,NORMAL,24,False
154,NORMAL,79,False
154,NORMAL,192,True
154,NORMAL,746,False
154,NORMAL,747,False
154,NORMAL,880,False
155,NORMAL,8,False
155,NORMAL,67,False
155,NORMAL,85,False
155,NORMAL,741,False
155,NORMAL,753,False
156,NORMAL,8,False
156,NORMAL,9,False
156,NORMAL,67,False
156,NORMAL,741,False
156,NORMAL,753,False
157,HISUIAN,43,False
157,HISUIAN,78,False
157,HISUIAN,147,False
157,HISUIAN,161,False
157,HISUIAN,166,False
157,HISUIAN,741,False
157,HISUIAN,796,False
157,NORMAL,47,False
157,NORMAL,69,False
157,NORMAL,79,False
157,NORMAL,166,False
157,NORMAL,194,True
157,NORMAL,741,False
157,NORMAL,745,False
157,NORMAL,874,False
158,NORMAL,32,False
158,NORMAL,71,False
158,NORMAL,175,False
158,NORMAL,752,False
158,NORMAL,762,False
159,NORMAL,14,False
159,NORMAL,71,False
159,NORMAL,175,False
159,NORMAL,752,False
159,NORMAL,762,False
160,NORMAL,19,False
160,NORMAL,73,False
160,NORMAL,175,False
160,NORMAL,195,True
160,NORMAL,734,False
160,NORMAL,745,False
160,NORMAL,762,True
160,NORMAL,815,False
160,NORMAL,857,False
161,NORMAL,9,False
161,NORMAL,84,False
161,NORMAL,168,False
161,NORMAL,751,False
161,NORMAL,752,False
162,NORMAL,2,False
162,NORMAL,9,False
162,NORMAL,84,False
162,NORMAL,85,False
162,NORMAL,279,False
162,NORMAL,735,False
162,NORMAL,751,False
163,NORMAL,22,False
163,NORMAL,153,False
163,NORMAL,161,False
163,NORMAL,743,False
163,NORMAL,770,False
164,NORMAL,43,False
164,NORMAL,74,False
164,NORMAL,153,False
164,NORMAL,161,False
164,NORMAL,742,False
164,NORMAL,806,False
165,NORMAL,22,False
165,NORMAL,85,False
165,NORMAL,158,False
165,NORMAL,733,False
165,NORMAL,753,False
166,NORMAL,22,False
166,NORMAL,26,False
166,NORMAL,142,False
166,NORMAL,158,False
166,NORMAL,733,False
166,NORMAL,775,False
166,NORMAL,793,False
167,NORMAL,28,False
167,NORMAL,58,False
167,NORMAL,65,False
167,NORMAL,733,False
167,NORMAL,768,False
168,NORMAL,7,False
168,NORMAL,40,False
168,NORMAL,58,False
168,NORMAL,202,False
168,NORMAL,279,False
168,NORMAL,768,False
168,NORMAL,792,False
169,NORMAL,27,False
169,NORMAL,43,False
169,NORMAL,58,False
169,NORMAL,59,False
169,NORMAL,82,False
169,NORMAL,734,False
169,NORMAL,787,False
170,NORMAL,29,False
170,NORMAL,49,False
170,NORMAL,71,False
170,NORMAL,738,False
170,NORMAL,769,False
171,NORMAL,48,False
171,NORMAL,49,False
171,NORMAL,73,False
171,NORMAL,180,False
171,NORMAL,738,False
171,NORMAL,762,False
171,NORMAL,781,False
172,NORMAL,47,False
172,NORMAL,49,False
172,NORMAL,53,False
172,NORMAL,737,False
173,NORMAL,35,False
173,NORMAL,65,False
173,NORMAL,74,True
173,NORMAL,85,False
173,NORMAL,89,True
173,NORMAL,168,False
173,NORMAL,754,False
173,NORMAL,766,False
174,NORMAL,43,False
174,NORMAL,74,False
174,NORMAL,85,False
174,NORMAL,89,True
174,NORMAL,147,False
174,NORMAL,754,False
174,NORMAL,770,False
175,NORMAL,35,False
175,NORMAL,36,False
175,NORMAL,55,False
175,NORMAL,743,False
175,NORMAL,766,True
175,NORMAL,813,False
176,NORMAL,21,False
176,NORMAL,22,False
176,NORMAL,35,False
176,NORMAL,36,False
176,NORMAL,54,False
176,NORMAL,55,False
176,NORMAL,766,True
176,NORMAL,771,True
176,NORMAL,806,False
176,NORMAL,813,False
176,NORMAL,876,False
177,NORMAL,18,False
177,NORMAL,35,False
177,NORMAL,161,False
177,NORMAL,743,False
177,NORMAL,751,False
178,NORMAL,22,False
178,NORMAL,35,False
178,NORMAL,42,False
178,NORMAL,171,False
178,NORMAL,743,False
178,NORMAL,770,False
178,NORMAL,787,False
179,NORMAL,16,False
179,NORMAL,49,False
179,NORMAL,89,False
179,NORMAL,279,False
179,NORMAL,737,False
179,NORMAL,753,False
180,NORMAL,16,False
180,NORMAL,39,False
180,NORMAL,49,False
180,NORMAL,279,False
180,NORMAL,753,False
180,NORMAL,781,False
181,NORMAL,39,False
181,NORMAL,47,False
181,NORMAL,48,False
181,NORMAL,51,True
181,NORMAL,143,False
181,NORMAL,148,False
181,NORMAL,254,False
181,NORMAL,279,False
181,NORMAL,781,False
181,NORMAL,782,False
182,NORMAL,24,False
182,NORMAL,55,False
182,NORMAL,80,False
182,NORMAL,747,False
182,NORMAL,757,False
182,NORMAL,803,False
182,NORMAL,880,False
183,NORMAL,29,False
183,NORMAL,33,False
183,NORMAL,89,False
183,NORMAL,753,False
183,NORMAL,769,False
184,NORMAL,19,False
184,NORMAL,57,False
184,NORMAL,73,False
184,NORMAL,769,False
184,NORMAL,773,False
185,NORMAL,12,False
185,NORMAL,13,False
185,NORMAL,37,False
185,NORMAL,38,False
185,NORMAL,259,False
185,NORMAL,279,False
185,NORMAL,759,False
185,NORMAL,775,False
186,NORMAL,12,True
186,NORMAL,19,True
186,NORMAL,20,False
186,NORMAL,72,False
186,NORMAL,73,False
186,NORMAL,180,False
186,NORMAL,191,False
186,NORMAL,748,False
186,NORMAL,769,False
187,NORMAL,34,False
187,NORMAL,55,False
187,NORMAL,168,False
187,NORMAL,753,False
187,NORMAL,803,False
188,NORMAL,55,False
188,NORMAL,168,False
188,NORMAL,169,False
188,NORMAL,753,False
188,NORMAL,803,False
189,NORMAL,22,False
189,NORMAL,55,False
189,NORMAL,79,False
189,NORMAL,169,False
189,NORMAL,251,True
189,NORMAL,792,False
189,NORMAL,803,False
189,NORMAL,876,False
190,NORMAL,22,False
190,NORMAL,31,False
190,NORMAL,85,False
190,NORMAL,752,False
190,NORMAL,795,False
191,NORMAL,34,False
191,NORMAL,168,False
191,NORMAL,169,False
191,NORMAL,747,False
191,NORMAL,755,False
192,NORMAL,24,False
192,NORMAL,59,False
192,NORMAL,79,False
192,NORMAL,235,False
192,NORMAL,747,False
192,NORMAL,803,False
193,NORMAL,22,False
193,NORMAL,36,False
193,NORMAL,158,False
193,NORMAL,742,False
193,NORMAL,751,False
194,NORMAL,9,False
194,NORMAL,64,False
194,NORMAL,89,False
194,NORMAL,748,False
194,NORMAL,762,False
194,PALDEA,9,False
194,PALDEA,60,False
194,PALDEA,89,False
194,PALDEA,748,False
194,PALDEA,756,False
195,NORMAL,12,False
195,NORMAL,13,False
195,NORMAL,33,True
195,NORMAL,59,False
195,NORMAL,64,False
195,NORMAL,199,False
195,NORMAL,208,False
195,NORMAL,748,False
195,NORMAL,762,False
196,NORMAL,11,False
196,NORMAL,43,True
196,NORMAL,74,False
196,NORMAL,171,False
196,NORMAL,196,True
196,NORMAL,242,False
196,NORMAL,766,False
196,NORMAL,767,False
197,NORMAL,3,False
197,NORMAL,74,True
197,NORMAL,176,False
197,NORMAL,196,True
197,NORMAL,770,False
197,NORMAL,810,False
198,NORMAL,3,False
198,NORMAL,18,False
198,NORMAL,176,False
198,NORMAL,743,False
198,NORMAL,770,False
199,GALARIAN,35,False
199,GALARIAN,43,False
199,GALARIAN,60,False
199,GALARIAN,72,False
199,GALARIAN,171,False
199,GALARIAN,180,True
199,GALARIAN,757,False
199,GALARIAN,767,False
199,GALARIAN,796,False
199,NORMAL,20,False
199,NORMAL,69,False
199,NORMAL,72,False
199,NORMAL,74,False
199,NORMAL,180,True
199,NORMAL,762,False
199,NORMAL,767,False
200,NORMAL,3,False
200,NORMAL,40,False
200,NORMAL,42,False
200,NORMAL,795,False
200,NORMAL,796,False
200,NORMAL,924,False
201,A,91,False
201,A,813,False
201,B,91,False
201,B,813,False
201,C,91,False
201,C,813,False
201,D,91,False
201,D,813,False
201,E,91,False
201,E,813,False
201,EXCLAMATION_POINT,91,False
201,EXCLAMATION_POINT,813,False
201,F,91,False
201,F,813,False
201,G,91,False
201,G,813,False
201,H,91,False
201,H,813,False
201,I,91,False
201,I,813,False
201,J,91,False
201,J,813,False
201,K,91,False
201,K,813,False
201,L,91,False
201,L,813,False
201,M,91,False
201,M,813,False
201,N,91,False
201,N,813,False
201,NORMAL,91,False
201,NORMAL,813,False
201,O,91,False
201,O,813,False
201,P,91,False
201,P,813,False
201,Q,91,False
201,Q,813,False
201,QUESTION_MARK,91,False
201,QUESTION_MARK,813,False
201,R,91,False
201,R,813,False
201,S,91,False
201,S,813,False
201,T,91,False
201,T,813,False
201,U,91,False
201,U,813,False
201,V,91,False
201,V,813,False
201,W,91,False
201,W,813,False
201,X,91,False
201,X,813,False
201,Y,91,False
201,Y,813,False
201,Z,91,False
201,Z,813,False
202,NORMAL,172,False
202,NORMAL,763,False
202,NORMAL,775,False
202,NORMAL,850,False
203,NORMAL,49,False
203,NORMAL,74,False
203,NORMAL,172,False
203,NORMAL,242,False
203,NORMAL,279,False
203,NORMAL,753,False
203,NORMAL,767,False
203,NORMAL,879,False
204,NORMAL,37,False
204,NORMAL,154,False
204,NORMAL,163,False
204,NORMAL,733,False
204,NORMAL,753,False
205,NORMAL,12,False
205,NORMAL,37,False
205,NORMAL,154,False
205,NORMAL,164,False
205,NORMAL,204,False
205,NORMAL,733,False
205,NORMAL,782,False
205,NORMAL,793,False
206,NORMAL,9,False
206,NORMAL,23,False
206,NORMAL,38,False
206,NORMAL,734,False
206,NORMAL,795,False
206,NORMAL,891,False
207,NORMAL,9,False
207,NORMAL,22,False
207,NORMAL,28,False
207,NORMAL,732,False
207,NORMAL,742,False
208,NORMAL,12,False
208,NORMAL,164,False
208,NORMAL,175,False
208,NORMAL,242,False
208,NORMAL,266,False
208,NORMAL,785,False
208,NORMAL,798,False
208,NORMAL,856,False
209,NORMAL,55,False
209,NORMAL,84,False
209,NORMAL,175,False
209,NORMAL,734,False
209,NORMAL,753,False
210,NORMAL,57,False
210,NORMAL,141,False
210,NORMAL,175,False
210,NORMAL,734,False
210,NORMAL,810,False
210,NORMAL,850,False
211,HISUIAN,3,False
211,HISUIAN,19,False
211,HISUIAN,33,False
211,HISUIAN,43,False
211,HISUIAN,59,False
211,HISUIAN,756,False
211,HISUIAN,768,False
211,NORMAL,19,False
211,NORMAL,33,False
211,NORMAL,60,False
211,NORMAL,72,False
211,NORMAL,199,False
211,NORMAL,206,False
211,NORMAL,762,False
211,NORMAL,768,False
212,NORMAL,28,False
212,NORMAL,45,False
212,NORMAL,66,False
212,NORMAL,279,False
212,NORMAL,732,False
212,NORMAL,761,False
213,NORMAL,13,False
213,NORMAL,155,False
213,NORMAL,163,False
213,NORMAL,759,False
213,NORMAL,793,False
214,NORMAL,7,False
214,NORMAL,12,False
214,NORMAL,37,False
214,NORMAL,141,False
214,NORMAL,155,False
214,NORMAL,305,False
214,NORMAL,732,False
214,NORMAL,775,False
214,NORMAL,793,False
215,HISUIAN,22,False
215,HISUIAN,66,False
215,HISUIAN,141,False
215,HISUIAN,756,False
215,HISUIAN,773,False
215,NORMAL,14,False
215,NORMAL,150,False
215,NORMAL,176,False
215,NORMAL,278,False
215,NORMAL,749,False
215,NORMAL,770,False
216,NORMAL,10,False
216,NORMAL,57,False
216,NORMAL,85,False
216,NORMAL,175,False
216,NORMAL,279,False
216,NORMAL,744,False
216,NORMAL,752,False
217,NORMAL,2,False
217,NORMAL,57,False
217,NORMAL,85,False
217,NORMAL,141,False
217,NORMAL,279,False
217,NORMAL,745,False
217,NORMAL,760,False
217,NORMAL,775,False
218,NORMAL,38,False
218,NORMAL,67,False
218,NORMAL,68,False
218,NORMAL,741,False
218,NORMAL,759,False
219,NORMAL,13,False
219,NORMAL,21,False
219,NORMAL,37,False
219,NORMAL,166,False
219,NORMAL,741,False
219,NORMAL,759,False
219,NORMAL,874,False
220,NORMAL,38,False
220,NORMAL,76,False
220,NORMAL,89,False
220,NORMAL,753,False
220,NORMAL,776,False
221,NORMAL,13,False
221,NORMAL,63,False
221,NORMAL,150,False
221,NORMAL,246,False
221,NORMAL,264,False
221,NORMAL,749,False
221,NORMAL,776,False
222,GALARIAN,39,False
222,GALARIAN,155,False
222,GALARIAN,161,False
222,GALARIAN,753,False
222,GALARIAN,795,False
222,NORMAL,29,False
222,NORMAL,39,False
222,NORMAL,155,False
222,NORMAL,753,False
222,NORMAL,769,False
223,NORMAL,71,False
223,NORMAL,144,False
223,NORMAL,155,False
223,NORMAL,748,False
223,NORMAL,762,False
224,NORMAL,61,False
224,NORMAL,71,False
224,NORMAL,144,False
224,NORMAL,199,False
224,NORMAL,203,False
224,NORMAL,748,False
224,NORMAL,762,False
224,NORMAL,855,False
225,NORMAL,14,False
225,NORMAL,22,False
225,NORMAL,76,False
225,NORMAL,233,False
225,NORMAL,278,False
225,NORMAL,823,False
226,NORMAL,19,False
226,NORMAL,22,False
226,NORMAL,29,False
226,NORMAL,71,False
226,NORMAL,742,False
226,NORMAL,769,False
226,NORMAL,803,False
227,NORMAL,17,False
227,NORMAL,152,False
227,NORMAL,153,False
227,NORMAL,771,False
227,NORMAL,787,False
228,NORMAL,3,False
228,NORMAL,8,False
228,NORMAL,175,False
228,NORMAL,741,False
228,NORMAL,770,False
229,NORMAL,8,False
229,NORMAL,69,False
229,NORMAL,175,False
229,NORMAL,176,False
229,NORMAL,772,False
229,NORMAL,810,False
230,NORMAL,20,False
230,NORMAL,73,False
230,NORMAL,85,False
230,NORMAL,173,False
230,NORMAL,203,False
230,NORMAL,736,False
230,NORMAL,762,True
230,NORMAL,815,False
231,NORMAL,38,False
231,NORMAL,63,False
231,NORMAL,89,False
231,NORMAL,279,False
231,NORMAL,753,False
231,NORMAL,773,False
232,NORMAL,12,False
232,NORMAL,57,False
232,NORMAL,89,False
232,NORMAL,164,False
232,NORMAL,279,False
232,NORMAL,753,False
232,NORMAL,765,False
232,NORMAL,775,False
232,NORMAL,850,False
233,NORMAL,2,False
233,NORMAL,79,False
233,NORMAL,148,False
233,NORMAL,236,False
233,NORMAL,781,False
233,NORMAL,813,False
233,NORMAL,855,False
234,NORMAL,7,False
234,NORMAL,87,False
234,NORMAL,147,False
234,NORMAL,753,False
234,NORMAL,766,False
236,NORMAL,31,False
236,NORMAL,38,False
236,NORMAL,84,False
236,NORMAL,753,False
236,NORMAL,773,False
237,NORMAL,13,False
237,NORMAL,141,False
237,NORMAL,163,False
237,NORMAL,278,False
237,NORMAL,773,False
237,NORMAL,775,False
238,NORMAL,14,False
238,NORMAL,19,False
238,NORMAL,35,False
238,NORMAL,750,True
238,NORMAL,754,False
238,NORMAL,776,False
239,NORMAL,16,False
239,NORMAL,47,False
239,NORMAL,49,True
239,NORMAL,84,False
239,NORMAL,737,False
239,NORMAL,739,False
240,NORMAL,8,True
240,NORMAL,68,False
240,NORMAL,78,False
240,NORMAL,84,False
240,NORMAL,740,False
240,NORMAL,741,False
241,NORMAL,19,False
241,NORMAL,49,False
241,NORMAL,87,False
241,NORMAL,89,False
241,NORMAL,163,False
241,NORMAL,753,False
241,NORMAL,766,False
241,NORMAL,891,False
242,NORMAL,2,False
242,NORMAL,55,False
242,NORMAL,74,False
242,NORMAL,147,True
242,NORMAL,754,False
242,NORMAL,766,False
243,NORMAL,43,False
243,NORMAL,48,False
243,NORMAL,49,False
243,NORMAL,147,False
243,NORMAL,224,False
243,NORMAL,737,False
243,NORMAL,782,False
243,S,43,False
243,S,48,False
243,S,49,False
243,S,147,False
243,S,224,False
243,S,737,False
243,S,782,False
244,NORMAL,8,False
244,NORMAL,45,False
244,NORMAL,67,False
244,NORMAL,69,False
244,NORMAL,166,False
244,NORMAL,280,False
244,NORMAL,772,False
244,NORMAL,801,False
244,S,8,False
244,S,45,False
244,S,67,False
244,S,69,False
244,S,166,False
244,S,280,False
244,S,772,False
244,S,801,False
245,NORMAL,19,False
245,NORMAL,29,False
245,NORMAL,71,False
245,NORMAL,72,False
245,NORMAL,73,False
245,NORMAL,762,False
245,NORMAL,806,False
245,NORMAL,810,False
245,NORMAL,813,True
245,NORMAL,857,False
245,S,19,False
245,S,29,False
245,S,71,False
245,S,72,False
245,S,73,False
245,S,762,False
245,S,806,False
245,S,810,False
245,S,813,True
245,S,857,False
246,NORMAL,36,False
246,NORMAL,87,False
246,NORMAL,175,False
246,NORMAL,734,False
246,NORMAL,773,False
247,NORMAL,9,False
247,NORMAL,36,False
247,NORMAL,175,False
247,NORMAL,734,False
247,NORMAL,773,False
248,NORMAL,13,False
248,NORMAL,69,False
248,NORMAL,175,False
248,NORMAL,254,False
248,NORMAL,734,False
248,NORMAL,736,False
248,NORMAL,798,False
248,NORMAL,829,True
249,NORMAL,73,False
249,NORMAL,153,False
249,NORMAL,171,False
249,NORMAL,227,True
249,NORMAL,233,False
249,NORMAL,785,False
249,NORMAL,806,False
249,S,73,False
249,S,153,False
249,S,171,False
249,S,227,True
249,S,233,False
249,S,785,False
249,S,806,False
250,OH,12,True
250,OH,69,False
250,OH,79,False
250,OH,152,False
250,OH,245,True
250,OH,771,False
250,OH,806,False
250,OH,813,False
250,OH,874,False
250,OH_NORMAL,12,True
250,OH_NORMAL,69,False
250,OH_NORMAL,79,False
250,OH_NORMAL,152,False
250,OH_NORMAL,245,True
250,OH_NORMAL,771,False
250,OH_NORMAL,806,False
250,OH_NORMAL,813,False
250,OH_NORMAL,874,False
250,OH_S,12,True
250,OH_S,69,False
250,OH_S,79,False
250,OH_S,152,False
250,OH_S,245,True
250,OH_S,771,False
250,OH_S,806,False
250,OH_S,813,False
250,OH_S,874,False
251,NORMAL,2,False
251,NORMAL,34,False
251,NORMAL,55,False
251,NORMAL,74,False
251,NORMAL,224,False
251,NORMAL,235,False
251,NORMAL,767,False
251,NORMAL,781,False
251,NORMAL,880,True
252,NORMAL,22,False
252,NORMAL,168,False
252,NORMAL,169,False
252,NORMAL,754,False
252,NORMAL,803,False
253,NORMAL,22,False
253,NORMAL,80,False
253,NORMAL,168,False
253,NORMAL,751,False
253,NORMAL,803,False
254,NORMAL,12,False
254,NORMAL,22,False
254,NORMAL,52,False
254,NORMAL,80,False
254,NORMAL,192,True
254,NORMAL,266,False
254,NORMAL,732,False
254,NORMAL,803,False
255,NORMAL,8,False
255,NORMAL,37,False
255,NORMAL,67,False
255,NORMAL,741,False
255,NORMAL,752,False
256,NORMAL,8,False
256,NORMAL,38,False
256,NORMAL,67,False
256,NORMAL,741,False
256,NORMAL,743,False
257,NORMAL,13,True
257,NORMAL,143,False
257,NORMAL,152,False
257,NORMAL,166,False
257,NORMAL,194,True
257,NORMAL,211,False
257,NORMAL,224,False
257,NORMAL,741,False
257,NORMAL,775,False
257,NORMAL,801,False
258,NORMAL,4,False
258,NORMAL,9,False
258,NORMAL,87,False
258,NORMAL,753,False
258,NORMAL,762,False
259,NORMAL,4,False
259,NORMAL,64,False
259,NORMAL,180,False
259,NORMAL,748,False
259,NORMAL,762,False
260,NORMAL,4,False
260,NORMAL,12,False
260,NORMAL,60,False
260,NORMAL,180,False
260,NORMAL,195,True
260,NORMAL,210,False
260,NORMAL,748,False
260,NORMAL,762,False
261,NORMAL,9,False
261,NORMAL,27,False
261,NORMAL,175,False
261,NORMAL,753,False
261,NORMAL,810,False
262,NORMAL,27,False
262,NORMAL,57,False
262,NORMAL,175,False
262,NORMAL,734,False
262,NORMAL,735,False
262,NORMAL,772,False
262,NORMAL,856,False
262,NORMAL,857,False
263,GALARIAN,9,False
263,GALARIAN,85,False
263,GALARIAN,89,False
263,GALARIAN,753,False
263,GALARIAN,814,False
263,NORMAL,9,False
263,NORMAL,49,False
263,NORMAL,168,False
263,NORMAL,753,False
263,NORMAL,773,False
263,NORMAL,926,False
264,GALARIAN,9,False
264,GALARIAN,61,False
264,GALARIAN,89,False
264,GALARIAN,744,False
264,GALARIAN,810,False
264,NORMAL,9,False
264,NORMAL,48,False
264,NORMAL,85,False
264,NORMAL,168,False
264,NORMAL,745,False
264,NORMAL,753,False
264,NORMAL,926,False
265,NORMAL,91,False
265,NORMAL,733,False
265,NORMAL,753,False
266,NORMAL,91,False
266,NORMAL,733,False
266,NORMAL,768,False
267,NORMAL,26,False
267,NORMAL,82,False
267,NORMAL,158,False
267,NORMAL,792,False
267,NORMAL,793,False
268,NORMAL,91,False
268,NORMAL,733,False
268,NORMAL,768,False
269,NORMAL,26,False
269,NORMAL,59,False
269,NORMAL,158,False
269,NORMAL,767,False
269,NORMAL,793,False
270,NORMAL,29,False
270,NORMAL,72,False
270,NORMAL,169,False
270,NORMAL,747,False
270,NORMAL,762,False
271,NORMAL,19,False
271,NORMAL,29,False
271,NORMAL,72,False
271,NORMAL,168,False
271,NORMAL,747,False
271,NORMAL,769,False
272,NORMAL,19,False
272,NORMAL,20,False
272,NORMAL,72,False
272,NORMAL,73,False
272,NORMAL,79,False
272,NORMAL,169,False
272,NORMAL,191,False
272,NORMAL,235,False
272,NORMAL,747,False
272,NORMAL,769,False
272,NORMAL,795,False
273,NORMAL,168,False
273,NORMAL,169,False
273,NORMAL,176,False
273,NORMAL,751,False
273,NORMAL,803,False
274,NORMAL,80,False
274,NORMAL,168,False
274,NORMAL,176,False
274,NORMAL,747,False
274,NORMAL,770,False
275,NORMAL,80,False
275,NORMAL,83,False
275,NORMAL,176,False
275,NORMAL,207,False
275,NORMAL,747,False
275,NORMAL,770,False
275,NORMAL,803,True
275,NORMAL,810,False
276,NORMAL,22,False
276,NORMAL,743,False
276,NORMAL,751,False
277,NORMAL,22,False
277,NORMAL,152,False
277,NORMAL,153,False
277,NORMAL,742,False
277,NORMAL,771,False
278,NORMAL,19,False
278,NORMAL,71,False
278,NORMAL,82,False
278,NORMAL,751,False
278,NORMAL,762,False
279,NORMAL,20,False
279,NORMAL,73,False
279,NORMAL,83,False
279,NORMAL,191,False
279,NORMAL,742,False
279,NORMAL,762,False
280,NORMAL,35,False
280,NORMAL,40,False
280,NORMAL,53,False
280,NORMAL,767,False
280,NORMAL,781,False
281,NORMAL,40,False
281,NORMAL,53,False
281,NORMAL,54,False
281,NORMAL,74,False
281,NORMAL,278,False
281,NORMAL,767,False
281,NORMAL,781,False
281,NORMAL,880,False
282,NORMAL,43,False
282,NORMAL,55,False
282,NORMAL,74,False
282,NORMAL,218,True
282,NORMAL,278,False
282,NORMAL,767,False
282,NORMAL,781,False
282,NORMAL,850,False
282,NORMAL,880,False
283,NORMAL,29,False
283,NORMAL,32,False
283,NORMAL,65,False
283,NORMAL,733,False
283,NORMAL,769,False
284,NORMAL,29,False
284,NORMAL,42,False
284,NORMAL,82,False
284,NORMAL,158,False
284,NORMAL,202,False
284,NORMAL,787,False
284,NORMAL,792,False
285,NORMAL,34,False
285,NORMAL,168,False
285,NORMAL,169,False
285,NORMAL,753,False
285,NORMAL,803,False
286,NORMAL,34,False
286,NORMAL,59,False
286,NORMAL,142,False
286,NORMAL,168,True
286,NORMAL,775,False
286,NORMAL,803,False
286,NORMAL,932,False
287,NORMAL,28,False
287,NORMAL,84,False
287,NORMAL,89,False
287,NORMAL,819,False
288,NORMAL,38,False
288,NORMAL,63,False
288,NORMAL,84,False
288,NORMAL,89,False
288,NORMAL,752,False
288,NORMAL,775,False
289,NORMAL,2,False
289,NORMAL,12,False
289,NORMAL,57,False
289,NORMAL,89,True
289,NORMAL,819,False
290,NORMAL,22,False
290,NORMAL,26,False
290,NORMAL,28,False
290,NORMAL,733,False
290,NORMAL,752,False
291,NORMAL,22,False
291,NORMAL,26,False
291,NORMAL,43,False
291,NORMAL,732,False
291,NORMAL,760,False
292,NORMAL,9,False
292,NORMAL,22,False
292,NORMAL,40,False
292,NORMAL,733,False
292,NORMAL,745,False
292,NORMAL,793,True
293,NORMAL,8,False
293,NORMAL,53,False
293,NORMAL,87,False
293,NORMAL,754,False
293,NORMAL,795,False
294,NORMAL,8,False
294,NORMAL,53,False
294,NORMAL,87,False
294,NORMAL,734,False
294,NORMAL,773,False
295,NORMAL,53,False
295,NORMAL,69,False
295,NORMAL,175,False
295,NORMAL,267,False
295,NORMAL,734,False
295,NORMAL,795,False
296,NORMAL,10,False
296,NORMAL,31,False
296,NORMAL,164,False
296,NORMAL,305,False
296,NORMAL,753,False
296,NORMAL,773,False
297,NORMAL,141,False
297,NORMAL,142,False
297,NORMAL,164,False
297,NORMAL,205,False
297,NORMAL,305,False
297,NORMAL,761,False
297,NORMAL,775,False
297,NORMAL,932,False
298,NORMAL,19,False
298,NORMAL,29,False
298,NORMAL,89,False
298,NORMAL,763,False
298,NORMAL,769,False
299,NORMAL,38,False
299,NORMAL,49,False
299,NORMAL,155,False
299,NORMAL,738,False
299,NORMAL,759,False
300,NORMAL,9,False
300,NORMAL,53,False
300,NORMAL,147,False
300,NORMAL,753,False
300,NORMAL,770,False
301,NORMAL,53,False
301,NORMAL,57,False
301,NORMAL,147,False
301,NORMAL,766,False
301,NORMAL,770,False
301,NORMAL,850,False
302,NORMAL,39,False
302,NORMAL,40,False
302,NORMAL,55,False
302,NORMAL,176,False
302,NORMAL,208,False
302,NORMAL,745,False
302,NORMAL,770,False
303,NORMAL,5,False
303,NORMAL,45,False
303,NORMAL,57,False
303,NORMAL,213,False
303,NORMAL,734,False
303,NORMAL,772,False
303,NORMAL,795,False
303,NORMAL,857,False
303,NORMAL,876,False
304,NORMAL,37,False
304,NORMAL,45,False
304,NORMAL,89,False
304,NORMAL,753,False
304,NORMAL,760,False
304,NORMAL,925,False
305,NORMAL,37,False
305,NORMAL,38,False
305,NORMAL,89,False
305,NORMAL,164,False
305,NORMAL,760,False
305,NORMAL,798,False
305,NORMAL,925,False
306,NORMAL,13,False
306,NORMAL,37,False
306,NORMAL,48,False
306,NORMAL,164,False
306,NORMAL,259,False
306,NORMAL,785,False
306,NORMAL,798,False
306,NORMAL,829,False
306,NORMAL,925,False
307,NORMAL,14,False
307,NORMAL,31,False
307,NORMAL,35,False
307,NORMAL,767,False
307,NORMAL,773,False
308,NORMAL,14,False
308,NORMAL,74,False
308,NORMAL,142,False
308,NORMAL,213,False
308,NORMAL,758,False
308,NORMAL,775,False
309,NORMAL,16,False
309,NORMAL,49,False
309,NORMAL,85,False
309,NORMAL,738,False
309,NORMAL,751,False
310,NORMAL,48,False
310,NORMAL,68,False
310,NORMAL,147,False
310,NORMAL,166,False
310,NORMAL,242,False
310,NORMAL,781,False
310,NORMAL,810,False
310,NORMAL,856,False
311,NORMAL,16,False
311,NORMAL,49,False
311,NORMAL,85,False
311,NORMAL,168,False
311,NORMAL,738,False
311,NORMAL,751,False
312,NORMAL,16,False
312,NORMAL,49,False
312,NORMAL,85,False
312,NORMAL,168,False
312,NORMAL,738,False
312,NORMAL,751,False
313,NORMAL,26,False
313,NORMAL,49,False
313,NORMAL,65,False
313,NORMAL,753,False
313,NORMAL,793,False
314,NORMAL,26,False
314,NORMAL,55,False
314,NORMAL,158,False
314,NORMAL,753,False
314,NORMAL,793,False
315,NORMAL,24,False
315,NORMAL,55,False
315,NORMAL,59,False
315,NORMAL,747,False
315,NORMAL,756,False
315,NORMAL,880,False
316,NORMAL,4,False
316,NORMAL,19,False
316,NORMAL,61,False
316,NORMAL,754,False
316,NORMAL,773,False
317,NORMAL,4,False
317,NORMAL,19,False
317,NORMAL,59,False
317,NORMAL,61,False
317,NORMAL,199,False
317,NORMAL,748,False
317,NORMAL,773,False
317,NORMAL,792,False
318,NORMAL,27,False
318,NORMAL,32,False
318,NORMAL,175,False
318,NORMAL,734,False
318,NORMAL,810,False
319,NORMAL,27,False
319,NORMAL,73,False
319,NORMAL,175,False
319,NORMAL,734,False
319,NORMAL,815,False
320,NORMAL,71,False
320,NORMAL,72,False
320,NORMAL,89,False
320,NORMAL,164,False
320,NORMAL,762,False
320,NORMAL,763,False
320,NORMAL,891,False
321,NORMAL,2,False
321,NORMAL,20,False
321,NORMAL,72,False
321,NORMAL,180,False
321,NORMAL,762,False
321,NORMAL,766,False
321,NORMAL,891,False
322,NORMAL,21,False
322,NORMAL,63,False
322,NORMAL,87,False
322,NORMAL,741,False
322,NORMAL,753,False
323,NORMAL,12,False
323,NORMAL,37,False
323,NORMAL,79,False
323,NORMAL,166,False
323,NORMAL,200,False
323,NORMAL,280,False
323,NORMAL,741,False
323,NORMAL,773,False
323,NORMAL,874,False
324,NORMAL,6,False
324,NORMAL,12,False
324,NORMAL,79,False
324,NORMAL,166,False
324,NORMAL,741,False
324,NORMAL,801,False
325,NORMAL,11,False
325,NORMAL,43,False
325,NORMAL,172,False
325,NORMAL,763,False
325,NORMAL,766,False
326,NORMAL,43,False
326,NORMAL,74,False
326,NORMAL,142,False
326,NORMAL,172,False
326,NORMAL,781,False
326,NORMAL,806,False
326,NORMAL,924,False
327,00,9,False
327,00,37,False
327,00,76,False
327,00,735,False
327,00,758,False
327,01,9,False
327,01,37,False
327,01,76,False
327,01,735,False
327,01,758,False
327,02,9,False
327,02,37,False
327,02,76,False
327,02,735,False
327,02,758,False
327,03,9,False
327,03,37,False
327,03,76,False
327,03,735,False
327,03,758,False
327,04,9,False
327,04,37,False
327,04,76,False
327,04,735,False
327,04,758,False
327,05,9,False
327,05,37,False
327,05,76,False
327,05,735,False
327,05,758,False
327,06,9,False
327,06,37,False
327,06,76,False
327,06,735,False
327,06,758,False
327,07,9,False
327,07,37,False
327,07,76,False
327,07,735,False
327,07,758,False
327,08,9,False
327,08,37,False
327,08,76,False
327,08,735,False
327,08,758,False
327,09,9,False
327,09,37,False
327,09,76,False
327,09,735,False
327,09,758,False
327,10,9,False
327,10,37,False
327,10,76,False
327,10,735,False
327,10,758,False
327,11,9,False
327,11,37,False
327,11,76,False
327,11,735,False
327,11,758,False
327,12,9,False
327,12,37,False
327,12,76,False
327,12,735,False
327,12,758,False
327,13,9,False
327,13,37,False
327,13,76,False
327,13,735,False
327,13,758,False
327,14,9,False
327,14,37,False
327,14,76,False
327,14,735,False
327,14,758,False
327,15,9,False
327,15,37,False
327,15,76,False
327,15,735,False
327,15,758,False
327,16,9,False
327,16,37,False
327,16,76,False
327,16,735,False
327,16,758,False
327,17,9,False
327,17,37,False
327,17,76,False
327,17,735,False
327,17,758,False
327,18,9,False
327,18,37,False
327,18,76,False
327,18,735,False
327,18,758,False
327,19,9,False
327,19,37,False
327,19,76,False
327,19,735,False
327,19,758,False
327,NORMAL,9,False
327,NORMAL,37,False
327,NORMAL,76,False
327,NORMAL,735,False
327,NORMAL,758,False
328,NORMAL,9,False
328,NORMAL,154,False
328,NORMAL,175,False
328,NORMAL,280,False
328,NORMAL,748,False
328,NORMAL,793,False
328,NORMAL,926,False
329,NORMAL,26,False
329,NORMAL,63,False
329,NORMAL,154,False
329,NORMAL,280,False
329,NORMAL,736,False
329,NORMAL,748,False
329,NORMAL,926,False
330,NORMAL,12,False
330,NORMAL,13,False
330,NORMAL,50,False
330,NORMAL,52,False
330,NORMAL,154,False
330,NORMAL,200,True
330,NORMAL,267,False
330,NORMAL,280,False
330,NORMAL,748,False
330,NORMAL,785,False
330,NORMAL,926,False
331,NORMAL,34,False
331,NORMAL,84,False
331,NORMAL,168,False
331,NORMAL,225,False
331,NORMAL,279,False
331,NORMAL,735,False
331,NORMAL,768,False
331,NORMAL,926,False
332,NORMAL,3,False
332,NORMAL,142,False
332,NORMAL,168,False
332,NORMAL,225,False
332,NORMAL,279,False
332,NORMAL,735,False
332,NORMAL,756,False
332,NORMAL,926,False
333,NORMAL,19,False
333,NORMAL,22,False
333,NORMAL,53,False
333,NORMAL,743,False
333,NORMAL,795,False
334,NORMAL,8,False
334,NORMAL,51,False
334,NORMAL,55,False
334,NORMAL,56,True
334,NORMAL,153,False
334,NORMAL,736,False
334,NORMAL,743,False
335,NORMAL,9,False
335,NORMAL,28,False
335,NORMAL,141,False
335,NORMAL,732,False
335,NORMAL,745,False
336,NORMAL,1,False
336,NORMAL,27,False
336,NORMAL,175,False
336,NORMAL,756,False
336,NORMAL,798,False
337,NORMAL,38,False
337,NORMAL,56,False
337,NORMAL,74,False
337,NORMAL,189,False
337,NORMAL,759,False
337,NORMAL,767,False
337,NORMAL,924,False
338,NORMAL,38,False
338,NORMAL,74,False
338,NORMAL,79,False
338,NORMAL,188,False
338,NORMAL,759,False
338,NORMAL,767,False
338,NORMAL,924,False
339,NORMAL,19,False
339,NORMAL,33,False
339,NORMAL,64,False
339,NORMAL,72,False
339,NORMAL,748,False
339,NORMAL,762,False
340,NORMAL,20,False
340,NORMAL,64,False
340,NORMAL,71,False
340,NORMAL,72,False
340,NORMAL,748,False
340,NORMAL,762,False
341,NORMAL,5,False
341,NORMAL,29,False
341,NORMAL,32,False
341,NORMAL,72,False
341,NORMAL,212,False
341,NORMAL,769,False
341,NORMAL,773,False
342,NORMAL,5,False
342,NORMAL,28,False
342,NORMAL,29,False
342,NORMAL,72,False
342,NORMAL,201,False
342,NORMAL,212,False
342,NORMAL,810,False
342,NORMAL,815,False
343,NORMAL,9,False
343,NORMAL,11,False
343,NORMAL,163,False
343,NORMAL,767,False
343,NORMAL,806,False
344,NORMAL,12,False
344,NORMAL,19,False
344,NORMAL,37,False
344,NORMAL,43,False
344,NORMAL,74,False
344,NORMAL,163,False
344,NORMAL,200,False
344,NORMAL,280,False
344,NORMAL,765,False
344,NORMAL,767,False
344,NORMAL,806,False
345,NORMAL,36,False
345,NORMAL,168,False
345,NORMAL,172,False
345,NORMAL,757,False
345,NORMAL,792,False
345,NORMAL,803,False
346,NORMAL,13,False
346,NORMAL,37,False
346,NORMAL,38,False
346,NORMAL,63,False
346,NORMAL,168,False
346,NORMAL,757,False
346,NORMAL,792,False
346,NORMAL,803,False
347,NORMAL,32,False
347,NORMAL,36,False
347,NORMAL,58,False
347,NORMAL,752,False
347,NORMAL,793,False
348,NORMAL,58,False
348,NORMAL,71,False
348,NORMAL,155,False
348,NORMAL,270,False
348,NORMAL,732,False
348,NORMAL,793,False
349,NORMAL,172,False
349,NORMAL,753,False
349,NORMAL,763,False
350,NORMAL,1,False
350,NORMAL,2,False
350,NORMAL,20,False
350,NORMAL,33,False
350,NORMAL,180,False
350,NORMAL,785,False
350,NORMAL,815,False
351,NORMAL,83,False
351,NORMAL,169,False
351,NORMAL,190,False
351,NORMAL,241,False
351,NORMAL,753,False
351,NORMAL,796,False
351,RAINY,48,False
351,RAINY,73,False
351,RAINY,191,False
351,RAINY,753,False
351,RAINY,762,False
351,SNOWY,19,False
351,SNOWY,20,False
351,SNOWY,189,False
351,SNOWY,753,False
351,SNOWY,776,False
351,SUNNY,69,False
351,SUNNY,79,False
351,SUNNY,188,False
351,SUNNY,741,False
351,SUNNY,753,False
352,NORMAL,8,False
352,NORMAL,19,False
352,NORMAL,22,False
352,NORMAL,40,False
352,NORMAL,48,False
352,NORMAL,176,False
352,NORMAL,735,False
352,NORMAL,744,False
353,NORMAL,40,False
353,NORMAL,42,False
353,NORMAL,161,False
353,NORMAL,770,False
353,NORMAL,795,False
354,NORMAL,43,False
354,NORMAL,48,False
354,NORMAL,55,False
354,NORMAL,745,False
354,NORMAL,796,False
355,NORMAL,40,False
355,NORMAL,42,False
355,NORMAL,161,False
355,NORMAL,795,False
355,NORMAL,796,False
356,NORMAL,14,False
356,NORMAL,41,False
356,NORMAL,78,False
356,NORMAL,263,False
356,NORMAL,770,False
356,NORMAL,796,False
357,NORMAL,22,False
357,NORMAL,80,False
357,NORMAL,87,False
357,NORMAL,254,False
357,NORMAL,747,False
357,NORMAL,787,False
358,NORMAL,35,False
358,NORMAL,43,False
358,NORMAL,169,False
358,NORMAL,795,False
358,NORMAL,806,False
359,NORMAL,3,False
359,NORMAL,7,False
359,NORMAL,48,False
359,NORMAL,225,False
359,NORMAL,254,True
359,NORMAL,758,False
359,NORMAL,810,False
360,NORMAL,172,False
360,NORMAL,763,False
360,NORMAL,775,False
361,NORMAL,43,False
361,NORMAL,76,False
361,NORMAL,150,False
361,NORMAL,776,False
361,NORMAL,796,False
362,NORMAL,43,False
362,NORMAL,150,False
362,NORMAL,163,False
362,NORMAL,749,False
362,NORMAL,750,False
362,NORMAL,776,False
362,NORMAL,891,False
363,NORMAL,71,False
363,NORMAL,89,False
363,NORMAL,144,False
363,NORMAL,762,False
363,NORMAL,773,False
364,NORMAL,71,False
364,NORMAL,89,False
364,NORMAL,144,False
364,NORMAL,180,False
364,NORMAL,762,False
364,NORMAL,776,False
365,NORMAL,12,False
365,NORMAL,20,False
365,NORMAL,71,False
365,NORMAL,246,True
365,NORMAL,750,False
365,NORMAL,776,True
365,NORMAL,815,False
366,NORMAL,19,False
366,NORMAL,71,False
366,NORMAL,89,False
366,NORMAL,762,False
367,NORMAL,19,False
367,NORMAL,33,False
367,NORMAL,175,False
367,NORMAL,734,False
367,NORMAL,762,False
368,NORMAL,54,False
368,NORMAL,71,False
368,NORMAL,74,False
368,NORMAL,762,False
368,NORMAL,767,False
369,NORMAL,33,False
369,NORMAL,36,False
369,NORMAL,73,False
369,NORMAL,762,False
369,NORMAL,766,False
370,NORMAL,32,False
370,NORMAL,54,False
370,NORMAL,71,False
370,NORMAL,762,False
370,NORMAL,763,False
371,NORMAL,8,False
371,NORMAL,50,False
371,NORMAL,175,False
371,NORMAL,734,False
371,NORMAL,741,False
372,NORMAL,8,False
372,NORMAL,50,False
372,NORMAL,51,False
372,NORMAL,175,False
372,NORMAL,736,False
372,NORMAL,741,False
373,NORMAL,69,False
373,NORMAL,73,False
373,NORMAL,173,True
373,NORMAL,175,False
373,NORMAL,181,False
373,NORMAL,233,False
373,NORMAL,254,False
373,NORMAL,734,False
373,NORMAL,772,False
373,NORMAL,785,False
374,NORMAL,45,False
374,NORMAL,814,False
375,NORMAL,35,False
375,NORMAL,74,False
375,NORMAL,163,False
375,NORMAL,732,False
375,NORMAL,760,False
375,NORMAL,766,False
376,NORMAL,12,False
376,NORMAL,17,False
376,NORMAL,74,False
376,NORMAL,197,True
376,NORMAL,732,False
376,NORMAL,745,True
376,NORMAL,761,False
376,NORMAL,766,False
377,NORMAL,12,True
377,NORMAL,13,False
377,NORMAL,143,False
377,NORMAL,148,False
377,NORMAL,759,False
377,NORMAL,773,False
377,NORMAL,855,False
378,NORMAL,12,False
378,NORMAL,20,False
378,NORMAL,48,True
378,NORMAL,143,False
378,NORMAL,750,False
378,NORMAL,773,False
378,NORMAL,855,False
379,NORMAL,2,False
379,NORMAL,17,False
379,NORMAL,143,False
379,NORMAL,148,True
379,NORMAL,760,False
379,NORMAL,773,False
379,NORMAL,855,False
380,NORMAL,48,False
380,NORMAL,74,False
380,NORMAL,173,False
380,NORMAL,224,False
380,NORMAL,253,True
380,NORMAL,736,False
380,NORMAL,766,False
380,NORMAL,850,False
381,NORMAL,52,False
381,NORMAL,74,False
381,NORMAL,79,False
381,NORMAL,224,False
381,NORMAL,252,True
381,NORMAL,736,False
381,NORMAL,766,False
382,NORMAL,20,False
382,NORMAL,48,False
382,NORMAL,73,False
382,NORMAL,150,False
382,NORMAL,180,False
382,NORMAL,185,True
382,NORMAL,815,False
383,NORMAL,12,False
383,NORMAL,69,False
383,NORMAL,78,True
383,NORMAL,79,False
383,NORMAL,186,True
383,NORMAL,748,False
383,NORMAL,785,False
384,NORMAL,22,False
384,NORMAL,36,False
384,NORMAL,83,True
384,NORMAL,173,False
384,NORMAL,266,True
384,NORMAL,271,False
384,NORMAL,785,False
384,NORMAL,787,False
385,NORMAL,55,False
385,NORMAL,74,False
385,NORMAL,182,False
385,NORMAL,224,False
385,NORMAL,767,False
385,NORMAL,781,False
386,ATTACK,3,False
386,ATTACK,148,False
386,ATTACK,184,False
386,ATTACK,756,False
386,ATTACK,766,False
386,DEFENSE,38,False
386,DEFENSE,49,False
386,DEFENSE,184,False
386,DEFENSE,766,False
386,DEFENSE,775,False
386,NORMAL,2,False
386,NORMAL,49,False
386,NORMAL,148,False
386,NORMAL,184,False
386,NORMAL,766,False
386,NORMAL,781,False
386,SPEED,49,False
386,SPEED,85,False
386,SPEED,184,False
386,SPEED,766,False
386,SPEED,781,False
387,NORMAL,34,False
387,NORMAL,89,False
387,NORMAL,169,False
387,NORMAL,747,False
387,NORMAL,753,False
388,NORMAL,79,False
388,NORMAL,89,False
388,NORMAL,169,False
388,NORMAL,734,False
388,NORMAL,747,False
389,NORMAL,12,False
389,NORMAL,13,False
389,NORMAL,79,False
389,NORMAL,154,False
389,NORMAL,192,True
389,NORMAL,734,False
389,NORMAL,747,False
389,NORMAL,765,False
390,NORMAL,6,False
390,NORMAL,8,False
390,NORMAL,67,False
390,NORMAL,741,False
390,NORMAL,752,False
391,NORMAL,6,False
391,NORMAL,8,False
391,NORMAL,31,False
391,NORMAL,741,False
391,NORMAL,773,False
392,NORMAL,8,False
392,NORMAL,79,False
392,NORMAL,141,False
392,NORMAL,194,True
392,NORMAL,773,False
392,NORMAL,801,False
393,NORMAL,18,False
393,NORMAL,29,False
393,NORMAL,76,False
393,NORMAL,754,False
393,NORMAL,769,False
394,NORMAL,29,False
394,NORMAL,73,False
394,NORMAL,76,False
394,NORMAL,760,False
394,NORMAL,769,False
395,NORMAL,17,False
395,NORMAL,18,False
395,NORMAL,20,False
395,NORMAL,73,False
395,NORMAL,195,True
395,NORMAL,760,False
395,NORMAL,771,False
395,NORMAL,815,False
395,NORMAL,925,False
396,NORMAL,22,False
396,NORMAL,152,False
396,NORMAL,233,False
396,NORMAL,751,False
396,NORMAL,753,False
396,NORMAL,926,False
397,NORMAL,21,False
397,NORMAL,22,False
397,NORMAL,152,False
397,NORMAL,233,False
397,NORMAL,742,False
397,NORMAL,751,False
397,NORMAL,926,False
398,NORMAL,21,False
398,NORMAL,141,False
398,NORMAL,152,False
398,NORMAL,233,False
398,NORMAL,742,False
398,NORMAL,751,False
398,NORMAL,873,True
398,NORMAL,926,False
399,NORMAL,19,True
399,NORMAL,43,True
399,NORMAL,49,True
399,NORMAL,88,False
399,NORMAL,168,False
399,NORMAL,175,False
399,NORMAL,205,True
399,NORMAL,753,False
399,NORMAL,814,False
400,NORMAL,2,False
400,NORMAL,88,False
400,NORMAL,180,False
400,NORMAL,762,False
400,NORMAL,814,False
400,NORMAL,891,False
401,NORMAL,91,False
401,NORMAL,733,False
401,NORMAL,793,False
402,NORMAL,22,False
402,NORMAL,26,False
402,NORMAL,66,False
402,NORMAL,732,False
402,NORMAL,793,False
403,NORMAL,16,False
403,NORMAL,49,False
403,NORMAL,85,False
403,NORMAL,738,False
403,NORMAL,753,False
404,NORMAL,49,False
404,NORMAL,147,False
404,NORMAL,175,False
404,NORMAL,734,False
404,NORMAL,738,False
405,NORMAL,2,False
405,NORMAL,147,False
405,NORMAL,175,False
405,NORMAL,242,True
405,NORMAL,738,False
405,NORMAL,810,False
405,NORMAL,813,False
406,NORMAL,168,False
406,NORMAL,169,False
406,NORMAL,747,False
406,NORMAL,813,False
407,NORMAL,55,False
407,NORMAL,59,False
407,NORMAL,79,False
407,NORMAL,168,False
407,NORMAL,188,True
407,NORMAL,235,False
407,NORMAL,747,False
407,NORMAL,756,False
407,NORMAL,768,False
407,NORMAL,803,True
407,NORMAL,880,False
408,NORMAL,36,False
408,NORMAL,37,False
408,NORMAL,63,False
408,NORMAL,766,False
408,NORMAL,814,False
409,NORMAL,8,False
409,NORMAL,38,False
409,NORMAL,173,False
409,NORMAL,766,False
409,NORMAL,829,False
410,NORMAL,36,False
410,NORMAL,37,False
410,NORMAL,164,False
410,NORMAL,753,False
410,NORMAL,798,False
411,NORMAL,8,False
411,NORMAL,13,False
411,NORMAL,17,False
411,NORMAL,798,False
411,NORMAL,829,False
412,NORMAL,91,False
412,NORMAL,733,False
412,NORMAL,753,False
412,PLANT,91,False
412,PLANT,733,False
412,PLANT,753,False
412,SANDY,91,False
412,SANDY,733,False
412,SANDY,753,False
412,TRASH,91,False
412,TRASH,733,False
412,TRASH,753,False
413,NORMAL,91,False
413,NORMAL,733,False
413,NORMAL,735,False
413,NORMAL,753,False
413,PLANT,11,False
413,PLANT,26,False
413,PLANT,169,False
413,PLANT,733,False
413,PLANT,735,False
413,PLANT,767,False
413,SANDY,11,False
413,SANDY,26,False
413,SANDY,63,False
413,SANDY,733,False
413,SANDY,735,False
413,SANDY,767,False
413,TRASH,11,False
413,TRASH,26,False
413,TRASH,45,False
413,TRASH,733,False
413,TRASH,735,False
413,TRASH,767,False
413,TRASH,925,False
414,NORMAL,11,False
414,NORMAL,22,False
414,NORMAL,26,False
414,NORMAL,733,False
414,NORMAL,787,False
415,NORMAL,26,False
415,NORMAL,733,False
416,NORMAL,26,False
416,NORMAL,39,False
416,NORMAL,65,False
416,NORMAL,66,False
416,NORMAL,206,False
416,NORMAL,732,False
416,NORMAL,733,False
416,NORMAL,768,False
416,NORMAL,787,False
417,NORMAL,47,False
417,NORMAL,48,False
417,NORMAL,49,False
417,NORMAL,88,False
417,NORMAL,738,False
417,NORMAL,782,False
418,NORMAL,32,False
418,NORMAL,71,False
418,NORMAL,85,False
418,NORMAL,751,False
418,NORMAL,762,False
419,NORMAL,32,False
419,NORMAL,73,False
419,NORMAL,85,False
419,NORMAL,270,False
419,NORMAL,762,False
419,NORMAL,815,False
420,NORMAL,24,False
420,NORMAL,34,False
420,NORMAL,55,False
420,NORMAL,753,False
420,NORMAL,803,False
421,NORMAL,2,False
421,NORMAL,55,False
421,NORMAL,79,False
421,NORMAL,747,False
421,NORMAL,803,False
421,OVERCAST,2,False
421,OVERCAST,55,False
421,OVERCAST,79,False
421,OVERCAST,747,False
421,OVERCAST,803,False
421,SUNNY,2,False
421,SUNNY,55,False
421,SUNNY,79,False
421,SUNNY,188,False
421,SUNNY,747,False
421,SUNNY,803,False
422,EAST_SEA,64,False
422,EAST_SEA,71,False
422,EAST_SEA,89,False
422,EAST_SEA,765,False
422,EAST_SEA,813,False
422,NORMAL,64,False
422,NORMAL,71,False
422,NORMAL,89,False
422,NORMAL,765,False
422,NORMAL,813,False
422,WEST_SEA,64,False
422,WEST_SEA,71,False
422,WEST_SEA,89,False
422,WEST_SEA,765,False
422,WEST_SEA,813,False
423,EAST_SEA,12,False
423,EAST_SEA,71,False
423,EAST_SEA,89,False
423,EAST_SEA,200,False
423,EAST_SEA,765,False
423,EAST_SEA,813,False
423,NORMAL,12,False
423,NORMAL,71,False
423,NORMAL,89,False
423,NORMAL,200,False
423,NORMAL,765,False
423,NORMAL,813,False
423,WEST_SEA,12,False
423,WEST_SEA,71,False
423,WEST_SEA,89,False
423,WEST_SEA,200,False
423,WEST_SEA,765,False
423,WEST_SEA,813,False
424,NORMAL,2,False
424,NORMAL,22,False
424,NORMAL,31,False
424,NORMAL,752,False
424,NORMAL,795,False
425,NORMAL,42,False
425,NORMAL,43,False
425,NORMAL,76,False
425,NORMAL,795,False
425,NORMAL,796,False
426,NORMAL,42,False
426,NORMAL,43,False
426,NORMAL,76,False
426,NORMAL,269,False
426,NORMAL,795,False
426,NORMAL,796,False
427,NORMAL,78,False
427,NORMAL,85,False
427,NORMAL,751,False
427,NORMAL,754,False
428,NORMAL,2,False
428,NORMAL,78,False
428,NORMAL,143,False
428,NORMAL,278,False
428,NORMAL,739,False
428,NORMAL,754,False
428,NORMAL,879,False
429,NORMAL,3,False
429,NORMAL,43,False
429,NORMAL,55,False
429,NORMAL,735,False
429,NORMAL,796,False
429,NORMAL,880,False
429,NORMAL,924,False
430,NORMAL,3,False
430,NORMAL,74,False
430,NORMAL,152,False
430,NORMAL,153,False
430,NORMAL,743,False
430,NORMAL,810,False
431,NORMAL,22,False
431,NORMAL,49,False
431,NORMAL,57,False
431,NORMAL,751,False
431,NORMAL,752,False
432,NORMAL,22,False
432,NORMAL,48,False
432,NORMAL,57,False
432,NORMAL,745,False
432,NORMAL,752,False
433,NORMAL,1,False
433,NORMAL,35,False
433,NORMAL,43,False
433,NORMAL,766,False
433,NORMAL,795,False
434,NORMAL,8,False
434,NORMAL,59,False
434,NORMAL,175,False
434,NORMAL,279,False
434,NORMAL,734,False
434,NORMAL,752,False
435,NORMAL,8,False
435,NORMAL,59,False
435,NORMAL,175,False
435,NORMAL,279,False
435,NORMAL,734,False
435,NORMAL,756,False
436,NORMAL,35,False
436,NORMAL,163,False
436,NORMAL,164,False
436,NORMAL,225,False
436,NORMAL,753,False
436,NORMAL,767,False
437,NORMAL,17,False
437,NORMAL,35,False
437,NORMAL,63,False
437,NORMAL,74,False
437,NORMAL,164,False
437,NORMAL,191,False
437,NORMAL,225,False
437,NORMAL,767,False
437,NORMAL,770,False
437,NORMAL,925,False
438,NORMAL,12,False
438,NORMAL,37,False
438,NORMAL,38,False
438,NORMAL,759,False
438,NORMAL,775,False
439,JR,11,False
439,JR,35,False
439,JR,74,False
439,JR,754,False
439,JR,767,False
439,JR_NORMAL,11,False
439,JR_NORMAL,35,False
439,JR_NORMAL,74,False
439,JR_NORMAL,754,False
439,JR_NORMAL,767,False
440,NORMAL,74,False
440,NORMAL,754,False
440,NORMAL,766,False
441,NORMAL,21,False
441,NORMAL,153,False
441,NORMAL,161,False
441,NORMAL,743,False
441,NORMAL,771,False
442,NORMAL,37,False
442,NORMAL,40,False
442,NORMAL,42,False
442,NORMAL,43,False
442,NORMAL,735,False
442,NORMAL,770,False
443,NORMAL,9,False
443,NORMAL,50,False
443,NORMAL,89,False
443,NORMAL,748,False
443,NORMAL,814,False
444,NORMAL,8,False
444,NORMAL,9,False
444,NORMAL,50,False
444,NORMAL,748,False
444,NORMAL,814,False
445,NORMAL,12,False
445,NORMAL,50,False
445,NORMAL,69,False
445,NORMAL,154,False
445,NORMAL,173,False
445,NORMAL,200,True
445,NORMAL,266,False
445,NORMAL,748,False
445,NORMAL,785,False
446,NORMAL,61,False
446,NORMAL,63,False
446,NORMAL,89,False
446,NORMAL,744,False
446,NORMAL,753,False
447,NORMAL,10,False
447,NORMAL,31,False
447,NORMAL,47,False
447,NORMAL,84,False
447,NORMAL,211,False
447,NORMAL,751,False
447,NORMAL,775,False
448,NORMAL,17,False
448,NORMAL,43,False
448,NORMAL,47,False
448,NORMAL,141,False
448,NORMAL,197,False
448,NORMAL,211,False
448,NORMAL,213,False
448,NORMAL,224,False
448,NORMAL,761,False
448,NORMAL,775,False
448,NORMAL,932,True
449,NORMAL,9,False
449,NORMAL,37,False
449,NORMAL,89,False
449,NORMAL,734,False
449,NORMAL,753,False
449,NORMAL,926,False
450,NORMAL,12,False
450,NORMAL,13,False
450,NORMAL,89,False
450,NORMAL,190,False
450,NORMAL,200,False
450,NORMAL,280,False
450,NORMAL,734,False
450,NORMAL,772,False
450,NORMAL,856,False
450,NORMAL,857,False
450,NORMAL,926,False
451,NORMAL,33,False
451,NORMAL,58,False
451,NORMAL,59,False
451,NORMAL,768,False
451,NORMAL,792,False
452,NORMAL,33,False
452,NORMAL,59,False
452,NORMAL,175,False
452,NORMAL,206,False
452,NORMAL,734,False
452,NORMAL,768,False
452,NORMAL,792,False
452,NORMAL,857,False
453,NORMAL,31,False
453,NORMAL,59,False
453,NORMAL,84,False
453,NORMAL,748,False
453,NORMAL,756,False
453,NORMAL,768,False
454,NORMAL,43,False
454,NORMAL,59,False
454,NORMAL,64,False
454,NORMAL,142,False
454,NORMAL,208,False
454,NORMAL,748,False
454,NORMAL,756,False
454,NORMAL,768,False
454,NORMAL,775,False
455,NORMAL,81,False
455,NORMAL,169,False
455,NORMAL,175,False
455,NORMAL,734,False
455,NORMAL,746,False
456,NORMAL,19,False
456,NORMAL,71,False
456,NORMAL,158,False
456,NORMAL,754,False
456,NORMAL,762,False
457,NORMAL,20,False
457,NORMAL,33,False
457,NORMAL,71,False
457,NORMAL,158,False
457,NORMAL,762,False
457,NORMAL,815,False
458,NORMAL,19,False
458,NORMAL,22,False
458,NORMAL,71,False
458,NORMAL,753,False
458,NORMAL,769,False
459,NORMAL,19,False
459,NORMAL,87,False
459,NORMAL,169,False
459,NORMAL,749,False
459,NORMAL,776,False
459,NORMAL,908,False
460,NORMAL,20,False
460,NORMAL,76,False
460,NORMAL,169,False
460,NORMAL,173,False
460,NORMAL,189,False
460,NORMAL,747,False
460,NORMAL,776,False
460,NORMAL,908,False
461,NORMAL,143,False
461,NORMAL,150,False
461,NORMAL,176,False
461,NORMAL,278,False
461,NORMAL,749,False
461,NORMAL,770,False
461,NORMAL,810,False
462,NORMAL,17,False
462,NORMAL,147,False
462,NORMAL,148,False
462,NORMAL,204,False
462,NORMAL,738,False
462,NORMAL,781,False
462,NORMAL,782,False
462,NORMAL,925,False
463,NORMAL,2,False
463,NORMAL,12,False
463,NORMAL,43,False
463,NORMAL,79,False
463,NORMAL,89,True
463,NORMAL,744,False
463,NORMAL,766,False
463,NORMAL,891,False
464,NORMAL,12,False
464,NORMAL,13,False
464,NORMAL,23,False
464,NORMAL,180,False
464,NORMAL,198,False
464,NORMAL,205,False
464,NORMAL,226,True
464,NORMAL,266,False
464,NORMAL,765,False
464,NORMAL,829,False
465,NORMAL,36,False
465,NORMAL,38,False
465,NORMAL,59,False
465,NORMAL,79,False
465,NORMAL,81,False
465,NORMAL,746,False
465,NORMAL,792,False
466,NORMAL,8,True
466,NORMAL,14,False
466,NORMAL,47,False
466,NORMAL,48,False
466,NORMAL,147,False
466,NORMAL,737,False
466,NORMAL,739,False
467,NORMAL,49,True
467,NORMAL,69,False
467,NORMAL,74,False
467,NORMAL,78,False
467,NORMAL,84,False
467,NORMAL,280,False
467,NORMAL,740,False
467,NORMAL,801,False
468,NORMAL,8,False
468,NORMAL,22,False
468,NORMAL,35,False
468,NORMAL,36,False
468,NORMAL,55,False
468,NORMAL,224,True
468,NORMAL,743,False
468,NORMAL,787,False
468,NORMAL,813,False
468,NORMAL,850,False
469,NORMAL,22,False
469,NORMAL,26,False
469,NORMAL,36,False
469,NORMAL,733,False
469,NORMAL,742,False
470,NORMAL,79,False
470,NORMAL,80,False
470,NORMAL,169,False
470,NORMAL,196,True
470,NORMAL,747,False
470,NORMAL,751,False
470,NORMAL,803,True
471,NORMAL,19,False
471,NORMAL,71,True
471,NORMAL,76,False
471,NORMAL,150,False
471,NORMAL,196,True
471,NORMAL,749,False
471,NORMAL,750,False
472,NORMAL,12,False
472,NORMAL,22,False
472,NORMAL,28,False
472,NORMAL,154,False
472,NORMAL,251,False
472,NORMAL,732,False
472,NORMAL,742,False
472,NORMAL,926,False
473,NORMAL,13,False
473,NORMAL,36,True
473,NORMAL,63,False
473,NORMAL,150,False
473,NORMAL,246,False
473,NORMAL,264,False
473,NORMAL,765,False
473,NORMAL,776,False
474,Z,2,False
474,Z,20,False
474,Z,79,False
474,Z,148,False
474,Z,236,True
474,Z,781,False
474,Z,813,False
474,Z,855,False
474,Z_NORMAL,2,False
474,Z_NORMAL,20,False
474,Z_NORMAL,79,False
474,Z_NORMAL,148,False
474,Z_NORMAL,236,True
474,Z_NORMAL,781,False
474,Z_NORMAL,813,False
474,Z_NORMAL,855,False
475,NORMAL,74,False
475,NORMAL,80,False
475,NORMAL,141,False
475,NORMAL,218,True
475,NORMAL,739,False
475,NORMAL,758,False
475,NORMAL,767,False
475,NORMAL,850,False
476,NORMAL,38,False
476,NORMAL,44,False
476,NORMAL,49,False
476,NORMAL,148,False
476,NORMAL,738,False
476,NORMAL,759,False
477,NORMAL,3,False
477,NORMAL,41,False
477,NORMAL,42,False
477,NORMAL,43,True
477,NORMAL,74,False
477,NORMAL,142,False
477,NORMAL,263,False
477,NORMAL,795,False
477,NORMAL,796,False
478,NORMAL,43,False
478,NORMAL,150,False
478,NORMAL,175,False
478,NORMAL,278,False
478,NORMAL,776,False
478,NORMAL,796,False
479,FAN,42,False
479,FAN,48,False
479,FAN,49,False
479,FAN,787,False
479,FAN,795,False
479,FROST,20,False
479,FROST,48,False
479,FROST,49,False
479,FROST,737,False
479,FROST,795,False
479,HEAT,48,False
479,HEAT,49,False
479,HEAT,166,False
479,HEAT,737,False
479,HEAT,795,False
479,MOW,42,False
479,MOW,48,False
479,MOW,49,False
479,MOW,235,False
479,MOW,737,False
479,MOW,795,False
479,NORMAL,42,False
479,NORMAL,48,False
479,NORMAL,49,False
479,NORMAL,737,False
479,NORMAL,795,False
479,WASH,48,False
479,WASH,49,False
479,WASH,73,False
479,WASH,737,False
479,WASH,795,False
480,NORMAL,48,False
480,NORMAL,85,False
480,NORMAL,171,False
480,NORMAL,767,False
480,NORMAL,806,False
481,NORMAL,20,False
481,NORMAL,85,False
481,NORMAL,171,False
481,NORMAL,767,False
481,NORMAL,806,False
482,NORMAL,69,False
482,NORMAL,85,False
482,NORMAL,171,False
482,NORMAL,767,False
482,NORMAL,806,False
483,NORMAL,45,False
483,NORMAL,48,False
483,NORMAL,181,False
483,NORMAL,736,False
483,NORMAL,760,False
483,ORIGIN,45,False
483,ORIGIN,48,False
483,ORIGIN,181,False
483,ORIGIN,281,True
483,ORIGIN,736,False
483,ORIGIN,760,False
484,NORMAL,33,False
484,NORMAL,69,False
484,NORMAL,73,False
484,NORMAL,181,False
484,NORMAL,736,False
484,NORMAL,785,False
484,ORIGIN,33,False
484,ORIGIN,69,False
484,ORIGIN,73,False
484,ORIGIN,181,False
484,ORIGIN,275,True
484,ORIGIN,736,False
484,ORIGIN,785,False
485,NORMAL,8,False
485,NORMAL,13,False
485,NORMAL,45,False
485,NORMAL,69,False
485,NORMAL,200,False
485,NORMAL,273,True
485,NORMAL,733,False
485,NORMAL,801,False
486,NORMAL,48,False
486,NORMAL,143,False
486,NORMAL,215,False
486,NORMAL,309,True
486,NORMAL,766,False
486,NORMAL,813,False
487,ALTERED,36,False
487,ALTERED,40,False
487,ALTERED,52,False
487,ALTERED,258,True
487,ALTERED,736,False
487,ALTERED,745,False
487,ORIGIN,42,False
487,ORIGIN,43,False
487,ORIGIN,51,False
487,ORIGIN,258,True
487,ORIGIN,745,False
487,ORIGIN,785,False
488,NORMAL,56,False
488,NORMAL,144,False
488,NORMAL,168,True
488,NORMAL,171,False
488,NORMAL,758,False
488,NORMAL,767,False
489,NORMAL,29,False
489,NORMAL,71,False
489,NORMAL,180,False
489,NORMAL,769,False
489,NORMAL,815,False
490,NORMAL,29,False
490,NORMAL,74,False
490,NORMAL,180,False
490,NORMAL,769,False
490,NORMAL,815,False
491,NORMAL,3,False
491,NORMAL,43,False
491,NORMAL,59,True
491,NORMAL,143,False
491,NORMAL,770,False
491,NORMAL,810,False
492,LAND,79,False
492,LAND,168,False
492,LAND,169,False
492,LAND,256,False
492,LAND,766,False
492,LAND,813,False
492,NORMAL,79,False
492,NORMAL,168,False
492,NORMAL,169,False
492,NORMAL,256,False
492,NORMAL,766,False
492,NORMAL,813,False
492,SKY,79,False
492,SKY,168,False
492,SKY,169,False
492,SKY,256,False
492,SKY,766,False
492,SKY,813,False
492,SKY,880,False
493,BUG,2,False
493,BUG,171,False
493,BUG,173,False
493,BUG,745,False
493,BUG,798,False
493,DARK,2,False
493,DARK,171,False
493,DARK,173,False
493,DARK,745,False
493,DARK,798,False
493,DRAGON,2,False
493,DRAGON,171,False
493,DRAGON,173,False
493,DRAGON,745,False
493,DRAGON,798,False
493,ELECTRIC,2,False
493,ELECTRIC,171,False
493,ELECTRIC,173,False
493,ELECTRIC,745,False
493,ELECTRIC,798,False
493,FAIRY,2,False
493,FAIRY,171,False
493,FAIRY,173,False
493,FAIRY,745,False
493,FAIRY,798,False
493,FIGHTING,2,False
493,FIGHTING,171,False
493,FIGHTING,173,False
493,FIGHTING,745,False
493,FIGHTING,798,False
493,FIRE,2,False
493,FIRE,171,False
493,FIRE,173,False
493,FIRE,745,False
493,FIRE,798,False
493,FLYING,2,False
493,FLYING,171,False
493,FLYING,173,False
493,FLYING,745,False
493,FLYING,798,False
493,GHOST,2,False
493,GHOST,171,False
493,GHOST,173,False
493,GHOST,745,False
493,GHOST,798,False
493,GRASS,2,False
493,GRASS,171,False
493,GRASS,173,False
493,GRASS,745,False
493,GRASS,798,False
493,GROUND,2,False
493,GROUND,171,False
493,GROUND,173,False
493,GROUND,745,False
493,GROUND,798,False
493,ICE,2,False
493,ICE,171,False
493,ICE,173,False
493,ICE,745,False
493,ICE,798,False
493,NORMAL,2,False
493,NORMAL,171,False
493,NORMAL,173,False
493,NORMAL,745,False
493,NORMAL,798,False
493,POISON,2,False
493,POISON,171,False
493,POISON,173,False
493,POISON,745,False
493,POISON,798,False
493,PSYCHIC,2,False
493,PSYCHIC,171,False
493,PSYCHIC,173,False
493,PSYCHIC,745,False
493,PSYCHIC,798,False
493,ROCK,2,False
493,ROCK,171,False
493,ROCK,173,False
493,ROCK,745,False
493,ROCK,798,False
493,STEEL,2,False
493,STEEL,171,False
493,STEEL,173,False
493,STEEL,745,False
493,STEEL,798,False
493,WATER,2,False
493,WATER,171,False
493,WATER,173,False
493,WATER,745,False
493,WATER,798,False
494,NORMAL,35,False
494,NORMAL,74,False
494,NORMAL,143,False
494,NORMAL,166,False
494,NORMAL,234,False
494,NORMAL,751,False
494,NORMAL,767,False
495,NORMAL,1,False
495,NORMAL,34,False
495,NORMAL,169,False
495,NORMAL,746,False
495,NORMAL,753,False
496,NORMAL,1,False
496,NORMAL,168,False
496,NORMAL,207,False
496,NORMAL,746,False
496,NORMAL,798,False
497,NORMAL,22,False
497,NORMAL,168,False
497,NORMAL,192,True
497,NORMAL,207,False
497,NORMAL,746,False
497,NORMAL,798,False
498,NORMAL,8,False
498,NORMAL,67,False
498,NORMAL,89,False
498,NORMAL,741,False
498,NORMAL,753,False
499,NORMAL,8,False
499,NORMAL,37,False
499,NORMAL,67,False
499,NORMAL,741,False
499,NORMAL,753,False
500,NORMAL,21,False
500,NORMAL,38,False
500,NORMAL,67,False
500,NORMAL,143,False
500,NORMAL,194,True
500,NORMAL,739,False
500,NORMAL,741,False
501,NORMAL,28,False
501,NORMAL,33,False
501,NORMAL,71,False
501,NORMAL,753,False
501,NORMAL,762,False
502,NORMAL,33,False
502,NORMAL,66,False
502,NORMAL,71,False
502,NORMAL,732,False
502,NORMAL,762,False
503,HISUIAN,3,False
503,HISUIAN,66,False
503,HISUIAN,76,False
503,HISUIAN,212,False
503,HISUIAN,222,False
503,HISUIAN,732,False
503,HISUIAN,810,False
503,HISUIAN,815,False
503,NORMAL,7,False
503,NORMAL,20,False
503,NORMAL,73,False
503,NORMAL,195,True
503,NORMAL,212,False
503,NORMAL,270,False
503,NORMAL,732,False
503,NORMAL,815,False
504,NORMAL,9,False
504,NORMAL,88,False
504,NORMAL,168,False
504,NORMAL,734,False
504,NORMAL,753,False
505,NORMAL,88,False
505,NORMAL,168,False
505,NORMAL,175,False
505,NORMAL,734,False
505,NORMAL,739,False
506,NORMAL,9,False
506,NORMAL,37,False
506,NORMAL,49,False
506,NORMAL,753,False
506,NORMAL,814,False
506,NORMAL,926,False
507,NORMAL,9,False
507,NORMAL,49,False
507,NORMAL,57,False
507,NORMAL,744,False
507,NORMAL,814,False
507,NORMAL,926,False
508,NORMAL,57,False
508,NORMAL,147,False
508,NORMAL,175,False
508,NORMAL,744,False
508,NORMAL,814,False
508,NORMAL,857,False
508,NORMAL,926,False
509,NORMAL,3,False
509,NORMAL,28,False
509,NORMAL,57,False
509,NORMAL,735,False
509,NORMAL,752,False
510,NORMAL,3,False
510,NORMAL,57,False
510,NORMAL,61,False
510,NORMAL,225,False
510,NORMAL,810,False
510,NORMAL,850,False
511,NORMAL,34,False
511,NORMAL,169,False
511,NORMAL,175,False
511,NORMAL,746,False
511,NORMAL,752,False
512,NORMAL,79,False
512,NORMAL,168,False
512,NORMAL,175,False
512,NORMAL,734,False
512,NORMAL,746,False
513,NORMAL,67,False
513,NORMAL,68,False
513,NORMAL,175,False
513,NORMAL,752,False
513,NORMAL,801,False
514,NORMAL,8,False
514,NORMAL,69,False
514,NORMAL,175,False
514,NORMAL,734,False
514,NORMAL,801,False
515,NORMAL,71,False
515,NORMAL,175,False
515,NORMAL,180,False
515,NORMAL,752,False
515,NORMAL,762,False
516,NORMAL,73,False
516,NORMAL,175,False
516,NORMAL,180,False
516,NORMAL,734,False
516,NORMAL,762,False
517,NORMAL,11,False
517,NORMAL,35,False
517,NORMAL,55,False
517,NORMAL,766,False
517,NORMAL,781,False
518,NORMAL,35,False
518,NORMAL,55,False
518,NORMAL,171,False
518,NORMAL,766,False
518,NORMAL,781,False
519,NORMAL,21,False
519,NORMAL,22,False
519,NORMAL,82,False
519,NORMAL,751,False
519,NORMAL,787,False
520,NORMAL,21,False
520,NORMAL,22,False
520,NORMAL,153,False
520,NORMAL,771,False
520,NORMAL,787,False
521,NORMAL,2,False
521,NORMAL,21,False
521,NORMAL,153,False
521,NORMAL,771,False
521,NORMAL,787,False
522,NORMAL,16,False
522,NORMAL,49,False
522,NORMAL,67,False
522,NORMAL,738,False
522,NORMAL,751,False
523,NORMAL,16,False
523,NORMAL,67,False
523,NORMAL,147,False
523,NORMAL,738,False
523,NORMAL,739,False
524,NORMAL,13,False
524,NORMAL,63,False
524,NORMAL,155,False
524,NORMAL,753,False
524,NORMAL,829,False
525,NORMAL,13,False
525,NORMAL,38,False
525,NORMAL,63,False
525,NORMAL,765,False
525,NORMAL,829,False
526,NORMAL,38,False
526,NORMAL,79,False
526,NORMAL,164,False
526,NORMAL,205,False
526,NORMAL,259,True
526,NORMAL,765,False
526,NORMAL,829,False
527,NORMAL,22,False
527,NORMAL,35,False
527,NORMAL,82,False
527,NORMAL,767,False
527,NORMAL,787,False
528,NORMAL,22,False
528,NORMAL,74,False
528,NORMAL,171,False
528,NORMAL,233,False
528,NORMAL,242,False
528,NORMAL,767,False
528,NORMAL,787,False
529,NORMAL,9,False
529,NORMAL,23,False
529,NORMAL,37,False
529,NORMAL,752,False
529,NORMAL,765,False
530,NORMAL,12,False
530,NORMAL,23,False
530,NORMAL,38,False
530,NORMAL,45,False
530,NORMAL,280,False
530,NORMAL,748,False
530,NORMAL,760,False
530,NORMAL,765,False
531,NORMAL,2,False
531,NORMAL,53,False
531,NORMAL,55,False
531,NORMAL,89,False
531,NORMAL,754,False
531,NORMAL,766,False
532,NORMAL,31,False
532,NORMAL,37,False
532,NORMAL,84,False
532,NORMAL,739,False
532,NORMAL,754,False
533,NORMAL,13,False
533,NORMAL,31,False
533,NORMAL,84,False
533,NORMAL,739,False
533,NORMAL,756,False
534,NORMAL,13,False
534,NORMAL,142,False
534,NORMAL,143,False
534,NORMAL,254,True
534,NORMAL,756,False
534,NORMAL,775,False
535,NORMAL,60,False
535,NORMAL,64,False
535,NORMAL,71,False
535,NORMAL,748,False
535,NORMAL,769,False
536,NORMAL,60,False
536,NORMAL,71,False
536,NORMAL,200,False
536,NORMAL,748,False
536,NORMAL,769,False
537,NORMAL,59,False
537,NORMAL,200,False
537,NORMAL,210,False
537,NORMAL,748,False
537,NORMAL,769,False
538,NORMAL,31,False
538,NORMAL,84,False
538,NORMAL,89,False
538,NORMAL,143,False
538,NORMAL,739,False
538,NORMAL,766,False
539,NORMAL,31,False
539,NORMAL,84,False
539,NORMAL,89,False
539,NORMAL,143,False
539,NORMAL,739,False
539,NORMAL,756,False
540,NORMAL,34,False
540,NORMAL,158,False
540,NORMAL,169,False
540,NORMAL,733,False
540,NORMAL,793,False
541,NORMAL,26,False
541,NORMAL,158,False
541,NORMAL,169,False
541,NORMAL,733,False
541,NORMAL,793,False
542,NORMAL,66,False
542,NORMAL,80,False
542,NORMAL,158,False
542,NORMAL,235,False
542,NORMAL,733,False
542,NORMAL,745,True
542,NORMAL,747,False
543,NORMAL,59,False
543,NORMAL,65,False
543,NORMAL,163,False
543,NORMAL,733,False
543,NORMAL,768,False
544,NORMAL,59,False
544,NORMAL,65,False
544,NORMAL,163,False
544,NORMAL,733,False
544,NORMAL,768,False
545,NORMAL,7,False
545,NORMAL,33,False
545,NORMAL,59,False
545,NORMAL,66,False
545,NORMAL,163,False
545,NORMAL,733,False
545,NORMAL,756,False
545,NORMAL,768,False
546,NORMAL,34,False
546,NORMAL,168,False
546,NORMAL,169,False
546,NORMAL,747,False
546,NORMAL,850,False
547,NORMAL,34,False
547,NORMAL,56,False
547,NORMAL,83,False
547,NORMAL,168,False
547,NORMAL,747,False
547,NORMAL,850,False
547,NORMAL,876,False
548,NORMAL,34,False
548,NORMAL,169,False
548,NORMAL,813,False
548,NORMAL,850,False
549,HISUIAN,24,False
549,HISUIAN,79,False
549,HISUIAN,141,False
549,HISUIAN,305,False
549,HISUIAN,803,False
549,HISUIAN,880,False
549,NORMAL,2,False
549,NORMAL,24,False
549,NORMAL,79,False
549,NORMAL,813,False
549,NORMAL,850,False
549,NORMAL,880,False
550,BLUE_STRIPED,32,False
550,BLUE_STRIPED,33,False
550,BLUE_STRIPED,210,False
550,BLUE_STRIPED,753,False
550,BLUE_STRIPED,762,False
550,NORMAL,32,False
550,NORMAL,33,False
550,NORMAL,210,False
550,NORMAL,753,False
550,NORMAL,762,False
550,RED_STRIPED,32,False
550,RED_STRIPED,33,False
550,RED_STRIPED,210,False
550,RED_STRIPED,753,False
550,RED_STRIPED,762,False
550,WHITE_STRIPED,32,False
550,WHITE_STRIPED,33,False
550,WHITE_STRIPED,210,False
550,WHITE_STRIPED,753,False
550,WHITE_STRIPED,762,False
551,NORMAL,9,False
551,NORMAL,63,False
551,NORMAL,175,False
551,NORMAL,734,False
551,NORMAL,765,False
552,NORMAL,12,False
552,NORMAL,63,False
552,NORMAL,175,False
552,NORMAL,734,False
552,NORMAL,765,False
553,NORMAL,12,False
553,NORMAL,84,False
553,NORMAL,154,False
553,NORMAL,173,False
553,NORMAL,175,False
553,NORMAL,765,False
553,NORMAL,810,False
554,GALARIAN,14,False
554,GALARIAN,19,False
554,GALARIAN,753,False
554,GALARIAN,857,False
554,NORMAL,67,False
554,NORMAL,78,False
554,NORMAL,753,False
554,NORMAL,772,False
555,GALARIAN_STANDARD,14,False
555,GALARIAN_STANDARD,150,False
555,GALARIAN_STANDARD,166,False
555,GALARIAN_STANDARD,205,False
555,GALARIAN_STANDARD,753,False
555,GALARIAN_STANDARD,857,False
555,GALARIAN_ZEN,14,False
555,GALARIAN_ZEN,150,False
555,GALARIAN_ZEN,166,False
555,GALARIAN_ZEN,205,False
555,GALARIAN_ZEN,753,False
555,GALARIAN_ZEN,857,False
555,NORMAL,38,False
555,NORMAL,74,False
555,NORMAL,143,False
555,NORMAL,166,False
555,NORMAL,753,False
555,NORMAL,772,False
555,NORMAL,874,False
555,ZEN,38,False
555,ZEN,74,False
555,ZEN,143,False
555,ZEN,166,False
555,ZEN,753,False
555,ZEN,772,False
555,ZEN,874,False
556,NORMAL,22,False
556,NORMAL,24,False
556,NORMAL,79,False
556,NORMAL,756,False
556,NORMAL,803,False
557,NORMAL,37,False
557,NORMAL,66,False
557,NORMAL,155,False
557,NORMAL,755,False
557,NORMAL,829,False
558,NORMAL,38,False
558,NORMAL,66,False
558,NORMAL,155,False
558,NORMAL,226,False
558,NORMAL,732,False
558,NORMAL,829,False
559,NORMAL,47,False
559,NORMAL,84,False
559,NORMAL,176,False
559,NORMAL,199,False
559,NORMAL,305,False
559,NORMAL,770,False
559,NORMAL,773,False
560,NORMAL,47,False
560,NORMAL,176,False
560,NORMAL,199,False
560,NORMAL,213,False
560,NORMAL,305,False
560,NORMAL,775,False
560,NORMAL,810,False
561,NORMAL,11,False
561,NORMAL,36,False
561,NORMAL,65,False
561,NORMAL,82,False
561,NORMAL,766,False
561,NORMAL,787,False
562,GALARIAN,37,False
562,GALARIAN,161,False
562,GALARIAN,795,False
562,NORMAL,3,False
562,NORMAL,42,False
562,NORMAL,43,False
562,NORMAL,766,False
562,NORMAL,795,False
563,NORMAL,3,False
563,NORMAL,43,False
563,NORMAL,74,False
563,NORMAL,745,False
563,NORMAL,766,False
563,NORMAL,795,False
564,NORMAL,36,False
564,NORMAL,89,False
564,NORMAL,180,False
564,NORMAL,734,False
564,NORMAL,762,False
565,NORMAL,36,False
565,NORMAL,89,False
565,NORMAL,180,False
565,NORMAL,270,False
565,NORMAL,759,False
565,NORMAL,762,False
566,NORMAL,36,False
566,NORMAL,52,False
566,NORMAL,175,False
566,NORMAL,742,False
566,NORMAL,751,False
567,NORMAL,36,False
567,NORMAL,52,False
567,NORMAL,175,False
567,NORMAL,742,False
567,NORMAL,771,False
568,NORMAL,34,False
568,NORMAL,61,False
568,NORMAL,754,False
568,NORMAL,814,False
569,NORMAL,34,False
569,NORMAL,61,False
569,NORMAL,89,False
569,NORMAL,199,False
569,NORMAL,792,False
569,NORMAL,814,False
570,HISUIAN,3,False
570,HISUIAN,43,False
570,HISUIAN,161,False
570,HISUIAN,176,False
570,HISUIAN,752,False
570,HISUIAN,810,False
570,NORMAL,3,False
570,NORMAL,22,False
570,NORMAL,161,False
570,NORMAL,176,False
570,NORMAL,752,False
570,NORMAL,770,False
571,HISUIAN,8,False
571,HISUIAN,43,False
571,HISUIAN,59,False
571,HISUIAN,176,False
571,HISUIAN,745,False
571,HISUIAN,810,False
571,NORMAL,8,False
571,NORMAL,59,False
571,NORMAL,161,False
571,NORMAL,176,False
571,NORMAL,745,False
571,NORMAL,810,False
572,NORMAL,33,False
572,NORMAL,49,False
572,NORMAL,85,False
572,NORMAL,754,False
572,NORMAL,850,False
573,NORMAL,2,False
573,NORMAL,33,False
573,NORMAL,49,False
573,NORMAL,754,False
573,NORMAL,850,False
574,NORMAL,11,False
574,NORMAL,35,False
574,NORMAL,74,False
574,NORMAL,754,False
574,NORMAL,767,False
575,NORMAL,11,False
575,NORMAL,74,False
575,NORMAL,171,False
575,NORMAL,754,False
575,NORMAL,767,False
576,NORMAL,38,False
576,NORMAL,74,False
576,NORMAL,171,False
576,NORMAL,767,False
576,NORMAL,850,False
577,NORMAL,35,False
577,NORMAL,48,False
577,NORMAL,161,False
577,NORMAL,766,False
577,NORMAL,813,False
578,NORMAL,35,False
578,NORMAL,48,False
578,NORMAL,161,False
578,NORMAL,766,False
578,NORMAL,813,False
579,NORMAL,35,False
579,NORMAL,43,False
579,NORMAL,48,False
579,NORMAL,171,False
579,NORMAL,766,False
579,NORMAL,813,False
579,NORMAL,850,True
580,NORMAL,22,False
580,NORMAL,29,False
580,NORMAL,152,False
580,NORMAL,742,False
580,NORMAL,762,False
581,NORMAL,19,False
581,NORMAL,29,False
581,NORMAL,83,False
581,NORMAL,233,False
581,NORMAL,762,False
581,NORMAL,787,False
582,NORMAL,19,False
582,NORMAL,65,False
582,NORMAL,76,False
582,NORMAL,776,False
582,NORMAL,795,False
583,NORMAL,19,False
583,NORMAL,65,False
583,NORMAL,76,False
583,NORMAL,750,False
583,NORMAL,795,False
584,NORMAL,17,False
584,NORMAL,20,False
584,NORMAL,65,False
584,NORMAL,150,True
584,NORMAL,750,False
584,NORMAL,795,False
585,AUTUMN,34,False
585,AUTUMN,147,False
585,AUTUMN,169,False
585,AUTUMN,279,False
585,AUTUMN,753,False
585,AUTUMN,814,False
585,NORMAL,34,False
585,NORMAL,147,False
585,NORMAL,169,False
585,NORMAL,279,False
585,NORMAL,753,False
585,NORMAL,814,False
585,SPRING,34,False
585,SPRING,147,False
585,SPRING,169,False
585,SPRING,279,False
585,SPRING,753,False
585,SPRING,814,False
585,SUMMER,34,False
585,SUMMER,147,False
585,SUMMER,169,False
585,SUMMER,279,False
585,SUMMER,753,False
585,SUMMER,814,False
585,WINTER,34,False
585,WINTER,147,False
585,WINTER,169,False
585,WINTER,279,False
585,WINTER,753,False
585,WINTER,814,False
586,AUTUMN,2,False
586,AUTUMN,7,False
586,AUTUMN,79,False
586,AUTUMN,147,False
586,AUTUMN,279,False
586,AUTUMN,770,False
586,AUTUMN,814,False
586,NORMAL,2,False
586,NORMAL,7,False
586,NORMAL,79,False
586,NORMAL,147,False
586,NORMAL,279,False
586,NORMAL,770,False
586,NORMAL,814,False
586,SPRING,2,False
586,SPRING,7,False
586,SPRING,79,False
586,SPRING,147,False
586,SPRING,279,False
586,SPRING,770,False
586,SPRING,814,False
586,SUMMER,2,False
586,SUMMER,7,False
586,SUMMER,79,False
586,SUMMER,147,False
586,SUMMER,279,False
586,SUMMER,770,False
586,SUMMER,814,False
586,WINTER,2,False
586,WINTER,7,False
586,WINTER,79,False
586,WINTER,147,False
586,WINTER,279,False
586,WINTER,770,False
586,WINTER,814,False
587,NORMAL,16,False
587,NORMAL,22,False
587,NORMAL,49,False
587,NORMAL,251,False
587,NORMAL,737,False
587,NORMAL,751,False
588,NORMAL,22,False
588,NORMAL,23,False
588,NORMAL,65,False
588,NORMAL,66,False
588,NORMAL,732,False
588,NORMAL,743,False
589,NORMAL,7,False
589,NORMAL,22,False
589,NORMAL,23,False
589,NORMAL,199,False
589,NORMAL,212,True
589,NORMAL,733,False
589,NORMAL,775,False
590,NORMAL,89,False
590,NORMAL,168,False
590,NORMAL,169,False
590,NORMAL,770,False
590,NORMAL,795,False
591,NORMAL,59,False
591,NORMAL,168,False
591,NORMAL,176,False
591,NORMAL,770,False
591,NORMAL,795,False
592,FEMALE,19,False
592,FEMALE,42,False
592,FEMALE,161,False
592,FEMALE,769,False
592,FEMALE,796,False
592,NORMAL,19,False
592,NORMAL,42,False
592,NORMAL,161,False
592,NORMAL,769,False
592,NORMAL,796,False
593,FEMALE,19,False
593,FEMALE,29,False
593,FEMALE,43,False
593,FEMALE,180,False
593,FEMALE,769,False
593,FEMALE,796,False
593,NORMAL,19,False
593,NORMAL,29,False
593,NORMAL,43,False
593,NORMAL,180,False
593,NORMAL,769,False
593,NORMAL,796,False
594,NORMAL,20,False
594,NORMAL,73,False
594,NORMAL,74,False
594,NORMAL,813,False
594,NORMAL,815,False
595,NORMAL,16,False
595,NORMAL,26,False
595,NORMAL,58,False
595,NORMAL,735,False
595,NORMAL,781,False
596,NORMAL,16,False
596,NORMAL,26,False
596,NORMAL,58,False
596,NORMAL,169,False
596,NORMAL,202,False
596,NORMAL,732,False
596,NORMAL,782,False
597,NORMAL,17,False
597,NORMAL,45,False
597,NORMAL,163,False
597,NORMAL,753,False
597,NORMAL,760,False
598,NORMAL,17,False
598,NORMAL,48,False
598,NORMAL,81,False
598,NORMAL,199,False
598,NORMAL,204,False
598,NORMAL,760,False
598,NORMAL,803,False
599,NORMAL,5,False
599,NORMAL,16,False
599,NORMAL,148,False
599,NORMAL,781,False
599,NORMAL,782,False
599,NORMAL,925,False
600,NORMAL,5,False
600,NORMAL,49,False
600,NORMAL,148,False
600,NORMAL,737,False
600,NORMAL,781,False
600,NORMAL,925,False
601,NORMAL,2,False
601,NORMAL,17,False
601,NORMAL,148,False
601,NORMAL,204,False
601,NORMAL,737,False
601,NORMAL,781,False
601,NORMAL,925,False
602,NORMAL,91,False
602,NORMAL,738,False
602,NORMAL,753,False
603,NORMAL,16,False
603,NORMAL,49,False
603,NORMAL,175,False
603,NORMAL,738,False
603,NORMAL,757,False
604,NORMAL,49,False
604,NORMAL,52,False
604,NORMAL,175,False
604,NORMAL,199,False
604,NORMAL,270,False
604,NORMAL,738,False
604,NORMAL,757,False
604,NORMAL,782,True
605,NORMAL,3,False
605,NORMAL,11,False
605,NORMAL,74,False
605,NORMAL,767,False
605,NORMAL,795,False
606,NORMAL,3,False
606,NORMAL,38,False
606,NORMAL,74,False
606,NORMAL,767,False
606,NORMAL,795,False
607,NORMAL,21,False
607,NORMAL,67,False
607,NORMAL,68,False
607,NORMAL,269,False
607,NORMAL,741,False
607,NORMAL,795,False
608,NORMAL,21,False
608,NORMAL,68,False
608,NORMAL,169,False
608,NORMAL,741,False
608,NORMAL,795,False
609,NORMAL,43,False
609,NORMAL,67,False
609,NORMAL,166,False
609,NORMAL,169,False
609,NORMAL,263,True
609,NORMAL,796,False
609,NORMAL,801,False
609,NORMAL,874,False
610,NORMAL,33,False
610,NORMAL,51,False
610,NORMAL,52,False
610,NORMAL,752,False
610,NORMAL,798,False
611,NORMAL,28,False
611,NORMAL,33,False
611,NORMAL,52,False
611,NORMAL,785,False
611,NORMAL,798,False
612,NORMAL,12,False
612,NORMAL,28,False
612,NORMAL,52,False
612,NORMAL,180,False
612,NORMAL,266,True
612,NORMAL,775,False
612,NORMAL,785,False
613,NORMAL,14,False
613,NORMAL,57,False
613,NORMAL,76,False
613,NORMAL,776,False
613,NORMAL,850,False
614,NORMAL,14,False
614,NORMAL,57,False
614,NORMAL,180,False
614,NORMAL,270,False
614,NORMAL,776,False
614,NORMAL,850,False
615,NORMAL,28,False
615,NORMAL,71,False
615,NORMAL,79,False
615,NORMAL,144,False
615,NORMAL,278,False
615,NORMAL,749,False
615,NORMAL,750,False
616,NORMAL,26,False
616,NORMAL,65,False
616,NORMAL,89,False
616,NORMAL,757,False
616,NORMAL,792,False
617,NORMAL,26,False
617,NORMAL,65,False
617,NORMAL,143,False
617,NORMAL,169,True
617,NORMAL,199,False
617,NORMAL,757,False
617,NORMAL,792,False
617,NORMAL,896,False
618,GALARIAN,12,False
618,GALARIAN,17,False
618,GALARIAN,38,False
618,GALARIAN,210,False
618,GALARIAN,748,False
618,GALARIAN,760,False
618,NORMAL,16,False
618,NORMAL,64,False
618,NORMAL,210,False
618,NORMAL,737,False
618,NORMAL,748,False
619,NORMAL,31,False
619,NORMAL,84,False
619,NORMAL,143,False
619,NORMAL,208,False
619,NORMAL,295,True
619,NORMAL,739,False
619,NORMAL,754,False
620,NORMAL,13,False
620,NORMAL,84,False
620,NORMAL,168,False
620,NORMAL,208,False
620,NORMAL,211,False
620,NORMAL,254,False
620,NORMAL,739,False
620,NORMAL,756,False
620,NORMAL,932,False
621,NORMAL,2,False
621,NORMAL,28,False
621,NORMAL,37,False
621,NORMAL,52,False
621,NORMAL,734,False
621,NORMAL,785,False
622,NORMAL,41,False
622,NORMAL,84,False
622,NORMAL,161,False
622,NORMAL,765,False
622,NORMAL,795,False
623,NORMAL,41,False
623,NORMAL,142,False
623,NORMAL,200,False
623,NORMAL,263,False
623,NORMAL,765,False
623,NORMAL,795,False
624,NORMAL,28,False
624,NORMAL,45,False
624,NORMAL,66,False
624,NORMAL,732,False
624,NORMAL,752,False
625,NORMAL,3,False
625,NORMAL,45,False
625,NORMAL,66,False
625,NORMAL,143,False
625,NORMAL,760,False
625,NORMAL,810,False
626,NORMAL,7,False
626,NORMAL,12,False
626,NORMAL,87,False
626,NORMAL,198,False
626,NORMAL,748,False
626,NORMAL,766,False
627,NORMAL,22,False
627,NORMAL,37,False
627,NORMAL,152,False
627,NORMAL,233,False
627,NORMAL,742,False
627,NORMAL,743,False
628,HISUIAN,42,False
628,HISUIAN,55,False
628,HISUIAN,74,False
628,HISUIAN,152,False
628,HISUIAN,233,False
628,HISUIAN,766,False
628,HISUIAN,787,False
628,NORMAL,21,False
628,NORMAL,38,False
628,NORMAL,141,False
628,NORMAL,152,False
628,NORMAL,233,False
628,NORMAL,771,False
628,NORMAL,787,False
629,NORMAL,3,False
629,NORMAL,152,False
629,NORMAL,176,False
629,NORMAL,770,False
629,NORMAL,787,False
630,NORMAL,3,False
630,NORMAL,22,False
630,NORMAL,43,False
630,NORMAL,176,False
630,NORMAL,787,False
630,NORMAL,810,False
631,NORMAL,8,False
631,NORMAL,47,False
631,NORMAL,213,False
631,NORMAL,744,False
631,NORMAL,801,False
632,NORMAL,13,False
632,NORMAL,45,False
632,NORMAL,66,False
632,NORMAL,733,False
632,NORMAL,760,False
633,NORMAL,51,False
633,NORMAL,89,False
633,NORMAL,175,False
633,NORMAL,736,False
633,NORMAL,753,False
634,NORMAL,3,False
634,NORMAL,51,False
634,NORMAL,89,False
634,NORMAL,734,False
634,NORMAL,736,False
635,NORMAL,3,False
635,NORMAL,17,False
635,NORMAL,51,False
635,NORMAL,233,False
635,NORMAL,254,True
635,NORMAL,734,False
635,NORMAL,736,False
636,NORMAL,6,False
636,NORMAL,26,False
636,NORMAL,67,False
636,NORMAL,733,False
636,NORMAL,741,False
637,NORMAL,26,False
637,NORMAL,79,False
637,NORMAL,83,False
637,NORMAL,166,False
637,NORMAL,733,False
637,NORMAL,801,False
638,NORMAL,13,False
638,NORMAL,45,False
638,NORMAL,141,False
638,NORMAL,222,True
638,NORMAL,760,False
638,NORMAL,766,False
638,NORMAL,879,False
639,NORMAL,12,False
639,NORMAL,38,False
639,NORMAL,141,False
639,NORMAL,222,True
639,NORMAL,766,False
639,NORMAL,829,False
639,NORMAL,879,False
640,NORMAL,13,False
640,NORMAL,80,False
640,NORMAL,141,False
640,NORMAL,222,True
640,NORMAL,751,False
640,NORMAL,766,False
640,NORMAL,879,False
641,INCARNATE,2,False
641,INCARNATE,3,False
641,INCARNATE,83,False
641,INCARNATE,168,False
641,INCARNATE,734,False
641,INCARNATE,787,False
641,THERIAN,21,False
641,THERIAN,74,False
641,THERIAN,83,False
641,THERIAN,143,False
641,THERIAN,282,True
641,THERIAN,795,False
641,THERIAN,873,False
642,INCARNATE,47,False
642,INCARNATE,48,False
642,INCARNATE,84,False
642,INCARNATE,175,False
642,INCARNATE,737,False
642,INCARNATE,795,False
642,THERIAN,48,False
642,THERIAN,49,False
642,THERIAN,60,False
642,THERIAN,143,False
642,THERIAN,284,True
642,THERIAN,734,False
642,THERIAN,782,False
643,NORMAL,13,False
643,NORMAL,166,False
643,NORMAL,175,False
643,NORMAL,181,False
643,NORMAL,262,True
643,NORMAL,736,False
643,NORMAL,772,False
644,NORMAL,17,False
644,NORMAL,147,False
644,NORMAL,173,False
644,NORMAL,175,False
644,NORMAL,261,True
644,NORMAL,736,False
644,NORMAL,781,False
645,INCARNATE,38,False
645,INCARNATE,143,False
645,INCARNATE,173,False
645,INCARNATE,200,False
645,INCARNATE,748,False
645,INCARNATE,759,False
645,THERIAN,12,False
645,THERIAN,13,False
645,THERIAN,63,False
645,THERIAN,205,False
645,THERIAN,283,True
645,THERIAN,748,False
645,THERIAN,806,False
646,BLACK,13,False
646,BLACK,20,False
646,BLACK,45,False
646,BLACK,173,False
646,BLACK,261,False
646,BLACK,300,False
646,BLACK,745,False
646,BLACK,785,False
646,NORMAL,20,False
646,NORMAL,52,False
646,NORMAL,181,False
646,NORMAL,265,False
646,NORMAL,736,False
646,NORMAL,771,False
646,WHITE,20,False
646,WHITE,36,False
646,WHITE,51,False
646,WHITE,143,False
646,WHITE,262,False
646,WHITE,301,False
646,WHITE,736,False
646,WHITE,771,False
646,WHITE,857,False
647,NORMAL,32,False
647,NORMAL,66,False
647,NORMAL,73,False
647,NORMAL,141,False
647,NORMAL,222,False
647,NORMAL,739,False
647,NORMAL,756,False
647,ORDINARY,32,False
647,ORDINARY,66,False
647,ORDINARY,73,False
647,ORDINARY,141,False
647,ORDINARY,222,False
647,ORDINARY,739,False
647,ORDINARY,756,False
647,RESOLUTE,32,False
647,RESOLUTE,66,False
647,RESOLUTE,73,False
647,RESOLUTE,141,False
647,RESOLUTE,222,False
647,RESOLUTE,313,False
647,RESOLUTE,739,False
647,RESOLUTE,756,False
648,ARIA,2,False
648,ARIA,35,False
648,ARIA,49,False
648,ARIA,55,False
648,ARIA,751,False
648,ARIA,767,False
648,NORMAL,2,False
648,NORMAL,14,False
648,NORMAL,78,False
648,NORMAL,141,False
648,NORMAL,739,False
648,NORMAL,751,False
648,PIROUETTE,2,False
648,PIROUETTE,14,False
648,PIROUETTE,78,False
648,PIROUETTE,141,False
648,PIROUETTE,739,False
648,PIROUETTE,751,False
649,BURN,8,False
649,BURN,44,False
649,BURN,66,False
649,BURN,229,True
649,BURN,732,False
649,BURN,760,False
649,CHILL,19,False
649,CHILL,44,False
649,CHILL,66,False
649,CHILL,230,True
649,CHILL,732,False
649,CHILL,760,False
649,DOUSE,44,False
649,DOUSE,61,False
649,DOUSE,66,False
649,DOUSE,231,True
649,DOUSE,732,False
649,DOUSE,760,False
649,NORMAL,2,False
649,NORMAL,44,False
649,NORMAL,66,False
649,NORMAL,228,True
649,NORMAL,732,False
649,NORMAL,760,False
649,SHOCK,44,False
649,SHOCK,66,False
649,SHOCK,148,False
649,SHOCK,232,True
649,SHOCK,732,False
649,SHOCK,760,False
650,NORMAL,34,False
650,NORMAL,89,False
650,NORMAL,163,False
650,NORMAL,746,False
650,NORMAL,814,False
651,NORMAL,89,False
651,NORMAL,163,False
651,NORMAL,169,False
651,NORMAL,739,False
651,NORMAL,746,False
652,NORMAL,47,False
652,NORMAL,79,False
652,NORMAL,163,False
652,NORMAL,169,False
652,NORMAL,192,True
652,NORMAL,205,False
652,NORMAL,739,False
652,NORMAL,746,False
652,NORMAL,829,False
653,NORMAL,8,False
653,NORMAL,35,False
653,NORMAL,67,False
653,NORMAL,741,False
653,NORMAL,752,False
654,NORMAL,8,False
654,NORMAL,35,False
654,NORMAL,67,False
654,NORMAL,741,False
654,NORMAL,752,False
655,NORMAL,8,False
655,NORMAL,35,False
655,NORMAL,67,False
655,NORMAL,69,False
655,NORMAL,74,False
655,NORMAL,194,True
655,NORMAL,269,False
655,NORMAL,752,False
655,NORMAL,766,False
655,NORMAL,801,False
656,NORMAL,22,False
656,NORMAL,71,False
656,NORMAL,180,False
656,NORMAL,754,False
656,NORMAL,769,False
657,NORMAL,22,False
657,NORMAL,71,False
657,NORMAL,180,False
657,NORMAL,754,False
657,NORMAL,769,False
658,NORMAL,22,False
658,NORMAL,28,False
658,NORMAL,73,False
658,NORMAL,180,False
658,NORMAL,195,True
658,NORMAL,769,False
658,NORMAL,770,False
658,NORMAL,896,False
659,NORMAL,9,False
659,NORMAL,12,False
659,NORMAL,63,False
659,NORMAL,751,False
659,NORMAL,765,False
660,NORMAL,2,False
660,NORMAL,9,False
660,NORMAL,12,False
660,NORMAL,78,False
660,NORMAL,280,False
660,NORMAL,748,False
660,NORMAL,751,False
661,NORMAL,21,False
661,NORMAL,22,False
661,NORMAL,85,False
661,NORMAL,233,False
661,NORMAL,743,False
661,NORMAL,751,False
662,NORMAL,21,False
662,NORMAL,22,False
662,NORMAL,67,False
662,NORMAL,233,False
662,NORMAL,741,False
662,NORMAL,743,False
662,NORMAL,771,False
663,NORMAL,67,False
663,NORMAL,69,False
663,NORMAL,83,False
663,NORMAL,152,False
663,NORMAL,233,False
663,NORMAL,743,False
663,NORMAL,771,False
663,NORMAL,801,False
663,NORMAL,874,True
664,ARCHIPELAGO,91,False
664,ARCHIPELAGO,733,False
664,ARCHIPELAGO,753,False
664,CONTINENTAL,91,False
664,CONTINENTAL,733,False
664,CONTINENTAL,753,False
664,ELEGANT,91,False
664,ELEGANT,733,False
664,ELEGANT,753,False
664,FANCY,91,False
664,FANCY,733,False
664,FANCY,753,False
664,GARDEN,91,False
664,GARDEN,733,False
664,GARDEN,753,False
664,HIGH_PLAINS,91,False
664,HIGH_PLAINS,733,False
664,HIGH_PLAINS,753,False
664,ICY_SNOW,91,False
664,ICY_SNOW,733,False
664,ICY_SNOW,753,False
664,JUNGLE,91,False
664,JUNGLE,733,False
664,JUNGLE,753,False
664,MARINE,91,False
664,MARINE,733,False
664,MARINE,753,False
664,MEADOW,91,False
664,MEADOW,733,False
664,MEADOW,753,False
664,MODERN,91,False
664,MODERN,733,False
664,MODERN,753,False
664,MONSOON,91,False
664,MONSOON,733,False
664,MONSOON,753,False
664,NORMAL,91,False
664,NORMAL,733,False
664,NORMAL,753,False
664,OCEAN,91,False
664,OCEAN,733,False
664,OCEAN,753,False
664,POKEBALL,91,False
664,POKEBALL,733,False
664,POKEBALL,753,False
664,POLAR,91,False
664,POLAR,733,False
664,POLAR,753,False
664,RIVER,91,False
664,RIVER,733,False
664,RIVER,753,False
664,SANDSTORM,91,False
664,SANDSTORM,733,False
664,SANDSTORM,753,False
664,SAVANNA,91,False
664,SAVANNA,733,False
664,SAVANNA,753,False
664,SUN,91,False
664,SUN,733,False
664,SUN,753,False
664,TUNDRA,91,False
664,TUNDRA,733,False
664,TUNDRA,753,False
665,ARCHIPELAGO,91,False
665,ARCHIPELAGO,793,False
665,CONTINENTAL,91,False
665,CONTINENTAL,793,False
665,ELEGANT,91,False
665,ELEGANT,793,False
665,FANCY,91,False
665,FANCY,793,False
665,GARDEN,91,False
665,GARDEN,793,False
665,HIGH_PLAINS,91,False
665,HIGH_PLAINS,793,False
665,ICY_SNOW,91,False
665,ICY_SNOW,793,False
665,JUNGLE,91,False
665,JUNGLE,793,False
665,MARINE,91,False
665,MARINE,793,False
665,MEADOW,91,False
665,MEADOW,793,False
665,MODERN,91,False
665,MODERN,793,False
665,MONSOON,91,False
665,MONSOON,793,False
665,NORMAL,91,False
665,NORMAL,793,False
665,OCEAN,91,False
665,OCEAN,793,False
665,POKEBALL,91,False
665,POKEBALL,793,False
665,POLAR,91,False
665,POLAR,793,False
665,RIVER,91,False
665,RIVER,793,False
665,SANDSTORM,91,False
665,SANDSTORM,793,False
665,SAVANNA,91,False
665,SAVANNA,793,False
665,SUN,91,False
665,SUN,793,False
665,TUNDRA,91,False
665,TUNDRA,793,False
666,ARCHIPELAGO,22,False
666,ARCHIPELAGO,26,False
666,ARCHIPELAGO,83,False
666,ARCHIPELAGO,169,False
666,ARCHIPELAGO,793,False
666,ARCHIPELAGO,873,False
666,CONTINENTAL,22,False
666,CONTINENTAL,26,False
666,CONTINENTAL,83,False
666,CONTINENTAL,169,False
666,CONTINENTAL,793,False
666,CONTINENTAL,873,False
666,ELEGANT,22,False
666,ELEGANT,26,False
666,ELEGANT,83,False
666,ELEGANT,169,False
666,ELEGANT,793,False
666,ELEGANT,873,False
666,FANCY,22,False
666,FANCY,26,False
666,FANCY,83,False
666,FANCY,169,False
666,FANCY,793,False
666,FANCY,873,False
666,GARDEN,22,False
666,GARDEN,26,False
666,GARDEN,83,False
666,GARDEN,169,False
666,GARDEN,793,False
666,GARDEN,873,False
666,HIGH_PLAINS,22,False
666,HIGH_PLAINS,26,False
666,HIGH_PLAINS,83,False
666,HIGH_PLAINS,169,False
666,HIGH_PLAINS,793,False
666,HIGH_PLAINS,873,False
666,ICY_SNOW,22,False
666,ICY_SNOW,26,False
666,ICY_SNOW,83,False
666,ICY_SNOW,169,False
666,ICY_SNOW,793,False
666,ICY_SNOW,873,False
666,JUNGLE,22,False
666,JUNGLE,26,False
666,JUNGLE,83,False
666,JUNGLE,169,False
666,JUNGLE,793,False
666,JUNGLE,873,False
666,MARINE,22,False
666,MARINE,26,False
666,MARINE,83,False
666,MARINE,169,False
666,MARINE,793,False
666,MARINE,873,False
666,MEADOW,22,False
666,MEADOW,26,False
666,MEADOW,83,False
666,MEADOW,169,False
666,MEADOW,793,False
666,MEADOW,873,False
666,MODERN,22,False
666,MODERN,26,False
666,MODERN,83,False
666,MODERN,169,False
666,MODERN,793,False
666,MODERN,873,False
666,MONSOON,22,False
666,MONSOON,26,False
666,MONSOON,83,False
666,MONSOON,169,False
666,MONSOON,793,False
666,MONSOON,873,False
666,NORMAL,22,False
666,NORMAL,26,False
666,NORMAL,83,False
666,NORMAL,169,False
666,NORMAL,793,False
666,NORMAL,873,False
666,OCEAN,22,False
666,OCEAN,26,False
666,OCEAN,83,False
666,OCEAN,169,False
666,OCEAN,793,False
666,OCEAN,873,False
666,POKEBALL,22,False
666,POKEBALL,26,False
666,POKEBALL,83,False
666,POKEBALL,169,False
666,POKEBALL,793,False
666,POKEBALL,873,False
666,POLAR,22,False
666,POLAR,26,False
666,POLAR,83,False
666,POLAR,169,False
666,POLAR,793,False
666,POLAR,873,False
666,RIVER,22,False
666,RIVER,26,False
666,RIVER,83,False
666,RIVER,169,False
666,RIVER,793,False
666,RIVER,873,False
666,SANDSTORM,22,False
666,SANDSTORM,26,False
666,SANDSTORM,83,False
666,SANDSTORM,169,False
666,SANDSTORM,793,False
666,SANDSTORM,873,False
666,SAVANNA,22,False
666,SAVANNA,26,False
666,SAVANNA,83,False
666,SAVANNA,169,False
666,SAVANNA,793,False
666,SAVANNA,873,False
666,SUN,22,False
666,SUN,26,False
666,SUN,83,False
666,SUN,169,False
666,SUN,793,False
666,SUN,873,False
666,TUNDRA,22,False
666,TUNDRA,26,False
666,TUNDRA,83,False
666,TUNDRA,169,False
666,TUNDRA,793,False
666,TUNDRA,873,False
667,NORMAL,8,False
667,NORMAL,67,False
667,NORMAL,175,False
667,NORMAL,741,False
667,NORMAL,753,False
667,NORMAL,772,False
667,NORMAL,874,False
668,FEMALE,3,False
668,FEMALE,67,False
668,FEMALE,79,False
668,FEMALE,166,False
668,FEMALE,741,False
668,FEMALE,772,False
668,FEMALE,814,False
668,FEMALE,874,False
668,NORMAL,3,False
668,NORMAL,67,False
668,NORMAL,79,False
668,NORMAL,166,False
668,NORMAL,741,False
668,NORMAL,772,False
668,NORMAL,814,False
668,NORMAL,874,False
669,BLUE,24,False
669,BLUE,55,False
669,BLUE,74,False
669,BLUE,746,False
669,BLUE,753,False
669,NORMAL,24,False
669,NORMAL,55,False
669,NORMAL,74,False
669,NORMAL,746,False
669,NORMAL,753,False
669,ORANGE,24,False
669,ORANGE,55,False
669,ORANGE,74,False
669,ORANGE,746,False
669,ORANGE,753,False
669,RED,24,False
669,RED,55,False
669,RED,74,False
669,RED,746,False
669,RED,753,False
669,WHITE,24,False
669,WHITE,55,False
669,WHITE,74,False
669,WHITE,746,False
669,WHITE,753,False
669,YELLOW,24,False
669,YELLOW,55,False
669,YELLOW,74,False
669,YELLOW,746,False
669,YELLOW,753,False
670,BLUE,24,False
670,BLUE,55,False
670,BLUE,74,False
670,BLUE,746,False
670,BLUE,753,False
670,NORMAL,24,False
670,NORMAL,55,False
670,NORMAL,74,False
670,NORMAL,746,False
670,NORMAL,753,False
670,ORANGE,24,False
670,ORANGE,55,False
670,ORANGE,74,False
670,ORANGE,746,False
670,ORANGE,753,False
670,RED,24,False
670,RED,55,False
670,RED,74,False
670,RED,746,False
670,RED,753,False
670,WHITE,24,False
670,WHITE,55,False
670,WHITE,74,False
670,WHITE,746,False
670,WHITE,753,False
670,YELLOW,24,False
670,YELLOW,55,False
670,YELLOW,74,False
670,YELLOW,746,False
670,YELLOW,753,False
671,BLUE,24,False
671,BLUE,53,False
671,BLUE,56,False
671,BLUE,74,False
671,BLUE,279,False
671,BLUE,312,True
671,BLUE,746,False
671,BLUE,747,False
671,BLUE,753,False
671,BLUE,876,False
671,NORMAL,24,False
671,NORMAL,53,False
671,NORMAL,56,False
671,NORMAL,74,False
671,NORMAL,279,False
671,NORMAL,312,True
671,NORMAL,746,False
671,NORMAL,747,False
671,NORMAL,753,False
671,NORMAL,876,False
671,ORANGE,24,False
671,ORANGE,53,False
671,ORANGE,56,False
671,ORANGE,74,False
671,ORANGE,279,False
671,ORANGE,312,True
671,ORANGE,746,False
671,ORANGE,747,False
671,ORANGE,753,False
671,ORANGE,876,False
671,RED,24,False
671,RED,53,False
671,RED,56,False
671,RED,74,False
671,RED,279,False
671,RED,312,True
671,RED,746,False
671,RED,747,False
671,RED,753,False
671,RED,876,False
671,WHITE,24,False
671,WHITE,53,False
671,WHITE,56,False
671,WHITE,74,False
671,WHITE,279,False
671,WHITE,312,True
671,WHITE,746,False
671,WHITE,747,False
671,WHITE,753,False
671,WHITE,876,False
671,YELLOW,24,False
671,YELLOW,53,False
671,YELLOW,56,False
671,YELLOW,74,False
671,YELLOW,279,False
671,YELLOW,312,True
671,YELLOW,746,False
671,YELLOW,747,False
671,YELLOW,753,False
671,YELLOW,876,False
672,NORMAL,34,False
672,NORMAL,84,False
672,NORMAL,766,False
672,NORMAL,773,False
673,NORMAL,34,False
673,NORMAL,38,False
673,NORMAL,80,False
673,NORMAL,84,False
673,NORMAL,746,False
673,NORMAL,766,False
673,NORMAL,773,False
674,NORMAL,31,False
674,NORMAL,89,False
674,NORMAL,175,False
674,NORMAL,739,False
674,NORMAL,753,False
675,NORMAL,28,False
675,NORMAL,38,False
675,NORMAL,45,False
675,NORMAL,141,False
675,NORMAL,739,False
675,NORMAL,740,False
675,NORMAL,761,False
675,NORMAL,810,False
676,DANDY,3,False
676,DANDY,168,False
676,DANDY,180,False
676,DANDY,734,False
676,DANDY,735,False
676,DANDY,814,False
676,DANDY,926,False
676,DEBUTANTE,3,False
676,DEBUTANTE,168,False
676,DEBUTANTE,180,False
676,DEBUTANTE,734,False
676,DEBUTANTE,735,False
676,DEBUTANTE,814,False
676,DEBUTANTE,926,False
676,DIAMOND,3,False
676,DIAMOND,168,False
676,DIAMOND,180,False
676,DIAMOND,734,False
676,DIAMOND,735,False
676,DIAMOND,814,False
676,DIAMOND,926,False
676,HEART,3,False
676,HEART,168,False
676,HEART,180,False
676,HEART,734,False
676,HEART,735,False
676,HEART,814,False
676,HEART,926,False
676,KABUKI,3,False
676,KABUKI,168,False
676,KABUKI,180,False
676,KABUKI,734,False
676,KABUKI,735,False
676,KABUKI,814,False
676,KABUKI,926,False
676,LA_REINE,3,False
676,LA_REINE,168,False
676,LA_REINE,180,False
676,LA_REINE,734,False
676,LA_REINE,735,False
676,LA_REINE,814,False
676,LA_REINE,926,False
676,MATRON,3,False
676,MATRON,168,False
676,MATRON,180,False
676,MATRON,734,False
676,MATRON,735,False
676,MATRON,814,False
676,MATRON,926,False
676,NATURAL,3,False
676,NATURAL,168,False
676,NATURAL,180,False
676,NATURAL,734,False
676,NATURAL,735,False
676,NATURAL,814,False
676,NATURAL,926,False
676,NORMAL,3,False
676,NORMAL,168,False
676,NORMAL,180,False
676,NORMAL,734,False
676,NORMAL,735,False
676,NORMAL,814,False
676,NORMAL,926,False
676,PHARAOH,3,False
676,PHARAOH,168,False
676,PHARAOH,180,False
676,PHARAOH,734,False
676,PHARAOH,735,False
676,PHARAOH,814,False
676,PHARAOH,926,False
676,STAR,3,False
676,STAR,168,False
676,STAR,180,False
676,STAR,734,False
676,STAR,735,False
676,STAR,814,False
676,STAR,926,False
677,NORMAL,35,False
677,NORMAL,74,False
677,NORMAL,169,False
677,NORMAL,752,False
677,NORMAL,767,False
678,FEMALE,43,False
678,FEMALE,74,False
678,FEMALE,169,False
678,FEMALE,767,False
678,FEMALE,850,False
678,FEMALE,880,False
678,NORMAL,49,False
678,NORMAL,74,False
678,NORMAL,169,False
678,NORMAL,735,False
678,NORMAL,767,False
679,NORMAL,45,False
679,NORMAL,163,False
679,NORMAL,753,False
679,NORMAL,758,False
680,NORMAL,45,False
680,NORMAL,163,False
680,NORMAL,222,False
680,NORMAL,745,False
680,NORMAL,753,False
680,NORMAL,758,False
681,BLADE,17,False
681,BLADE,43,False
681,BLADE,163,False
681,BLADE,758,False
681,BLADE,787,False
681,NORMAL,17,False
681,NORMAL,43,False
681,NORMAL,163,False
681,NORMAL,758,False
681,NORMAL,787,False
681,SHIELD,17,False
681,SHIELD,43,False
681,SHIELD,163,False
681,SHIELD,758,False
681,SHIELD,787,False
682,NORMAL,49,False
682,NORMAL,54,False
682,NORMAL,781,False
682,NORMAL,850,False
683,NORMAL,35,False
683,NORMAL,49,False
683,NORMAL,54,False
683,NORMAL,56,False
683,NORMAL,74,False
683,NORMAL,781,False
683,NORMAL,850,False
684,NORMAL,54,False
684,NORMAL,169,False
684,NORMAL,753,False
685,NORMAL,8,False
685,NORMAL,54,False
685,NORMAL,57,False
685,NORMAL,169,False
685,NORMAL,753,False
685,NORMAL,850,False
685,NORMAL,876,False
686,NORMAL,11,False
686,NORMAL,28,False
686,NORMAL,743,False
686,NORMAL,753,False
686,NORMAL,924,False
687,NORMAL,2,False
687,NORMAL,11,False
687,NORMAL,176,False
687,NORMAL,205,False
687,NORMAL,743,False
687,NORMAL,758,False
687,NORMAL,924,False
688,NORMAL,9,False
688,NORMAL,10,False
688,NORMAL,36,False
688,NORMAL,752,False
688,NORMAL,765,False
689,NORMAL,10,False
689,NORMAL,13,False
689,NORMAL,168,False
689,NORMAL,198,False
689,NORMAL,212,False
689,NORMAL,732,False
689,NORMAL,762,False
689,NORMAL,765,False
690,NORMAL,33,False
690,NORMAL,50,False
690,NORMAL,59,False
690,NORMAL,71,False
690,NORMAL,757,False
690,NORMAL,762,False
691,NORMAL,33,False
691,NORMAL,59,False
691,NORMAL,61,False
691,NORMAL,73,False
691,NORMAL,143,False
691,NORMAL,173,False
691,NORMAL,757,False
691,NORMAL,762,False
691,NORMAL,785,False
692,NORMAL,32,False
692,NORMAL,71,False
692,NORMAL,201,False
692,NORMAL,762,False
692,NORMAL,829,False
693,NORMAL,3,False
693,NORMAL,19,False
693,NORMAL,71,False
693,NORMAL,201,False
693,NORMAL,762,False
693,NORMAL,829,False
694,NORMAL,46,False
694,NORMAL,49,False
694,NORMAL,63,False
694,NORMAL,737,False
694,NORMAL,751,False
695,NORMAL,46,False
695,NORMAL,49,False
695,NORMAL,63,False
695,NORMAL,168,False
695,NORMAL,266,False
695,NORMAL,751,False
695,NORMAL,765,False
695,NORMAL,782,False
696,NORMAL,36,False
696,NORMAL,37,False
696,NORMAL,52,False
696,NORMAL,87,False
696,NORMAL,753,False
696,NORMAL,785,False
697,NORMAL,12,False
697,NORMAL,13,False
697,NORMAL,37,False
697,NORMAL,173,False
697,NORMAL,175,False
697,NORMAL,259,False
697,NORMAL,759,False
697,NORMAL,785,False
697,NORMAL,850,False
698,NORMAL,36,False
698,NORMAL,49,False
698,NORMAL,144,False
698,NORMAL,189,False
698,NORMAL,750,False
698,NORMAL,776,False
699,NORMAL,2,False
699,NORMAL,20,False
699,NORMAL,36,False
699,NORMAL,49,False
699,NORMAL,189,False
699,NORMAL,259,False
699,NORMAL,750,False
699,NORMAL,759,False
699,NORMAL,776,False
700,NORMAL,35,True
700,NORMAL,54,False
700,NORMAL,55,False
700,NORMAL,56,False
700,NORMAL,196,True
700,NORMAL,751,False
700,NORMAL,850,False
701,NORMAL,22,False
701,NORMAL,66,False
701,NORMAL,213,False
701,NORMAL,223,False
701,NORMAL,739,False
701,NORMAL,756,False
702,NORMAL,16,False
702,NORMAL,46,False
702,NORMAL,57,False
702,NORMAL,737,False
702,NORMAL,753,False
703,NORMAL,38,False
703,NORMAL,39,False
703,NORMAL,56,False
703,NORMAL,753,False
703,NORMAL,759,False
704,NORMAL,51,False
704,NORMAL,60,False
704,NORMAL,210,False
704,NORMAL,753,False
704,NORMAL,762,False
705,NORMAL,51,False
705,NORMAL,60,False
705,NORMAL,71,False
705,NORMAL,210,False
705,NORMAL,753,False
705,NORMAL,762,False
706,NORMAL,33,False
706,NORMAL,47,True
706,NORMAL,60,False
706,NORMAL,81,False
706,NORMAL,181,False
706,NORMAL,210,False
706,NORMAL,736,False
706,NORMAL,762,False
707,NORMAL,17,False
707,NORMAL,54,False
707,NORMAL,57,False
707,NORMAL,176,False
707,NORMAL,753,False
707,NORMAL,795,False
708,NORMAL,34,False
708,NORMAL,43,False
708,NORMAL,176,False
708,NORMAL,753,False
708,NORMAL,795,False
709,NORMAL,34,False
709,NORMAL,43,False
709,NORMAL,176,False
709,NORMAL,735,False
709,NORMAL,745,False
710,AVERAGE,40,False
710,AVERAGE,168,False
710,AVERAGE,176,False
710,AVERAGE,747,False
710,AVERAGE,795,False
710,LARGE,40,False
710,LARGE,168,False
710,LARGE,176,False
710,LARGE,747,False
710,LARGE,795,False
710,NORMAL,40,False
710,NORMAL,168,False
710,NORMAL,176,False
710,NORMAL,747,False
710,NORMAL,795,False
710,SMALL,40,False
710,SMALL,168,False
710,SMALL,176,False
710,SMALL,747,False
710,SMALL,795,False
710,SUPER,40,False
710,SUPER,168,False
710,SUPER,176,False
710,SUPER,747,False
710,SUPER,795,False
711,AVERAGE,34,False
711,AVERAGE,43,False
711,AVERAGE,69,False
711,AVERAGE,176,False
711,AVERAGE,263,False
711,AVERAGE,747,False
711,AVERAGE,796,False
711,AVERAGE,874,False
711,LARGE,34,False
711,LARGE,43,False
711,LARGE,69,False
711,LARGE,176,False
711,LARGE,263,False
711,LARGE,747,False
711,LARGE,796,False
711,LARGE,874,False
711,NORMAL,34,False
711,NORMAL,43,False
711,NORMAL,69,False
711,NORMAL,176,False
711,NORMAL,263,False
711,NORMAL,747,False
711,NORMAL,796,False
711,NORMAL,874,False
711,SMALL,34,False
711,SMALL,43,False
711,SMALL,69,False
711,SMALL,176,False
711,SMALL,263,False
711,SMALL,747,False
711,SMALL,796,False
711,SMALL,874,False
711,SUPER,34,False
711,SUPER,43,False
711,SUPER,69,False
711,SUPER,176,False
711,SUPER,263,False
711,SUPER,747,False
711,SUPER,796,False
711,SUPER,874,False
712,NORMAL,76,False
712,NORMAL,172,False
712,NORMAL,175,False
712,NORMAL,734,False
712,NORMAL,753,False
713,HISUIAN,20,False
713,HISUIAN,38,False
713,HISUIAN,76,False
713,HISUIAN,175,False
713,HISUIAN,734,False
713,HISUIAN,753,False
713,HISUIAN,776,False
713,NORMAL,12,False
713,NORMAL,76,False
713,NORMAL,89,False
713,NORMAL,150,False
713,NORMAL,172,False
713,NORMAL,175,False
713,NORMAL,734,False
713,NORMAL,857,False
714,NORMAL,21,False
714,NORMAL,51,False
714,NORMAL,82,False
714,NORMAL,734,False
714,NORMAL,742,False
715,NORMAL,21,False
715,NORMAL,74,False
715,NORMAL,83,False
715,NORMAL,181,False
715,NORMAL,267,True
715,NORMAL,734,False
715,NORMAL,787,False
716,NORMAL,7,False
716,NORMAL,48,False
716,NORMAL,56,False
716,NORMAL,141,False
716,NORMAL,215,False
716,NORMAL,753,False
716,NORMAL,766,False
716,NORMAL,910,True
717,NORMAL,2,False
717,NORMAL,3,False
717,NORMAL,74,False
717,NORMAL,83,False
717,NORMAL,143,False
717,NORMAL,276,True
717,NORMAL,735,False
717,NORMAL,810,False
717,NORMAL,873,False
718,COMPLETE,2,False
718,COMPLETE,12,False
718,COMPLETE,63,False
718,COMPLETE,173,False
718,COMPLETE,175,False
718,COMPLETE,734,False
718,COMPLETE,766,False
718,COMPLETE,785,False
718,FIFTY_PERCENT,2,False
718,FIFTY_PERCENT,12,False
718,FIFTY_PERCENT,63,False
718,FIFTY_PERCENT,173,False
718,FIFTY_PERCENT,175,False
718,FIFTY_PERCENT,734,False
718,FIFTY_PERCENT,766,False
718,FIFTY_PERCENT,785,False
718,TEN_PERCENT,2,False
718,TEN_PERCENT,12,False
718,TEN_PERCENT,63,False
718,TEN_PERCENT,173,False
718,TEN_PERCENT,175,False
718,TEN_PERCENT,734,False
718,TEN_PERCENT,766,False
718,TEN_PERCENT,785,False
719,NORMAL,38,False
719,NORMAL,39,False
719,NORMAL,56,False
719,NORMAL,753,False
719,NORMAL,759,False
720,CONFINED,11,False
720,CONFINED,43,False
720,CONFINED,74,False
720,CONFINED,767,False
720,CONFINED,795,False
720,UNBOUND,3,False
720,UNBOUND,43,False
720,UNBOUND,74,False
720,UNBOUND,767,False
720,UNBOUND,795,False
721,NORMAL,59,False
721,NORMAL,72,False
721,NORMAL,73,False
721,NORMAL,166,False
721,NORMAL,200,False
721,NORMAL,762,False
721,NORMAL,814,False
721,NORMAL,874,False
722,NORMAL,34,False
722,NORMAL,169,False
722,NORMAL,747,False
722,NORMAL,753,False
722,NORMAL,880,False
722,NORMAL,908,False
723,NORMAL,34,False
723,NORMAL,152,False
723,NORMAL,169,False
723,NORMAL,743,False
723,NORMAL,747,False
723,NORMAL,880,False
723,NORMAL,908,False
724,HISUIAN,22,False
724,HISUIAN,161,False
724,HISUIAN,169,False
724,HISUIAN,224,False
724,HISUIAN,279,False
724,HISUIAN,758,False
724,HISUIAN,880,False
724,NORMAL,40,False
724,NORMAL,152,False
724,NORMAL,169,False
724,NORMAL,192,True
724,NORMAL,285,False
724,NORMAL,747,False
724,NORMAL,795,False
724,NORMAL,880,False
724,NORMAL,908,False
725,NORMAL,8,False
725,NORMAL,67,False
725,NORMAL,175,False
725,NORMAL,741,False
725,NORMAL,752,False
726,NORMAL,8,False
726,NORMAL,67,False
726,NORMAL,175,False
726,NORMAL,734,False
726,NORMAL,741,False
727,NORMAL,3,False
727,NORMAL,67,False
727,NORMAL,69,False
727,NORMAL,194,True
727,NORMAL,208,False
727,NORMAL,211,False
727,NORMAL,254,False
727,NORMAL,287,False
727,NORMAL,772,False
727,NORMAL,810,False
727,NORMAL,879,False
728,NORMAL,32,False
728,NORMAL,33,False
728,NORMAL,71,False
728,NORMAL,754,False
728,NORMAL,762,False
729,NORMAL,32,False
729,NORMAL,53,False
729,NORMAL,71,False
729,NORMAL,762,False
729,NORMAL,850,False
730,NORMAL,53,False
730,NORMAL,56,False
730,NORMAL,73,False
730,NORMAL,74,False
730,NORMAL,195,True
730,NORMAL,297,False
730,NORMAL,815,False
730,NORMAL,850,False
731,NORMAL,18,False
731,NORMAL,22,False
731,NORMAL,153,False
731,NORMAL,743,False
731,NORMAL,773,False
732,NORMAL,18,False
732,NORMAL,153,False
732,NORMAL,155,False
732,NORMAL,743,False
732,NORMAL,773,False
733,NORMAL,17,False
733,NORMAL,18,False
733,NORMAL,155,False
733,NORMAL,314,True
733,NORMAL,743,False
733,NORMAL,773,False
733,NORMAL,803,False
734,NORMAL,37,False
734,NORMAL,88,False
734,NORMAL,175,False
734,NORMAL,734,False
734,NORMAL,753,False
735,NORMAL,37,False
735,NORMAL,88,False
735,NORMAL,175,False
735,NORMAL,734,False
735,NORMAL,814,False
736,NORMAL,5,False
736,NORMAL,66,False
736,NORMAL,175,False
736,NORMAL,733,False
736,NORMAL,738,False
737,NORMAL,16,False
737,NORMAL,66,False
737,NORMAL,175,False
737,NORMAL,733,False
737,NORMAL,738,False
737,NORMAL,782,True
738,NORMAL,16,False
738,NORMAL,66,False
738,NORMAL,175,False
738,NORMAL,233,False
738,NORMAL,733,False
738,NORMAL,738,False
738,NORMAL,765,False
738,NORMAL,782,True
739,NORMAL,84,False
739,NORMAL,201,False
739,NORMAL,213,False
739,NORMAL,225,False
739,NORMAL,769,False
739,NORMAL,773,False
740,NORMAL,14,False
740,NORMAL,84,False
740,NORMAL,201,False
740,NORMAL,213,False
740,NORMAL,225,False
740,NORMAL,769,False
740,NORMAL,773,False
741,BAILE,22,False
741,BAILE,82,False
741,BAILE,83,False
741,BAILE,754,False
741,BAILE,787,False
741,NORMAL,22,False
741,NORMAL,82,False
741,NORMAL,83,False
741,NORMAL,754,False
741,NORMAL,787,False
741,PAU,22,False
741,PAU,82,False
741,PAU,83,False
741,PAU,754,False
741,PAU,787,False
741,POMPOM,22,False
741,POMPOM,82,False
741,POMPOM,83,False
741,POMPOM,754,False
741,POMPOM,787,False
741,SENSU,22,False
741,SENSU,82,False
741,SENSU,83,False
741,SENSU,754,False
741,SENSU,787,False
742,NORMAL,26,False
742,NORMAL,55,False
742,NORMAL,793,False
742,NORMAL,876,False
743,NORMAL,26,False
743,NORMAL,54,False
743,NORMAL,55,False
743,NORMAL,793,False
743,NORMAL,850,False
743,NORMAL,876,False
744,DUSK,13,False
744,DUSK,37,False
744,DUSK,175,False
744,DUSK,279,False
744,DUSK,753,False
744,DUSK,759,False
744,NORMAL,13,False
744,NORMAL,37,False
744,NORMAL,175,False
744,NORMAL,279,False
744,NORMAL,753,False
744,NORMAL,759,False
745,DUSK,13,False
745,DUSK,45,False
745,DUSK,175,False
745,DUSK,279,False
745,DUSK,735,False
745,DUSK,759,False
745,DUSK,775,False
745,MIDDAY,13,False
745,MIDDAY,23,False
745,MIDDAY,175,False
745,MIDDAY,279,False
745,MIDDAY,735,False
745,MIDDAY,759,False
745,MIDNIGHT,13,False
745,MIDNIGHT,175,False
745,MIDNIGHT,242,False
745,MIDNIGHT,279,False
745,MIDNIGHT,759,False
745,MIDNIGHT,775,False
745,NORMAL,13,False
745,NORMAL,23,False
745,NORMAL,175,False
745,NORMAL,279,False
745,NORMAL,735,False
745,NORMAL,759,False
746,NORMAL,33,False
746,NORMAL,70,False
746,NORMAL,180,False
746,NORMAL,762,False
746,NORMAL,798,False
746,NORMAL,815,False
746,SCHOOL,33,False
746,SCHOOL,70,False
746,SCHOOL,180,False
746,SCHOOL,762,False
746,SCHOOL,798,False
746,SCHOOL,815,False
746,SOLO,33,False
746,SOLO,70,False
746,SOLO,180,False
746,SOLO,762,False
746,SOLO,798,False
746,SOLO,815,False
747,NORMAL,60,False
747,NORMAL,61,False
747,NORMAL,70,False
747,NORMAL,734,False
747,NORMAL,768,False
748,NORMAL,60,False
748,NORMAL,61,False
748,NORMAL,70,False
748,NORMAL,734,False
748,NORMAL,756,False
749,NORMAL,12,False
749,NORMAL,63,False
749,NORMAL,89,False
749,NORMAL,765,False
749,NORMAL,773,False
750,NORMAL,12,False
750,NORMAL,63,False
750,NORMAL,89,False
750,NORMAL,164,False
750,NORMAL,765,False
750,NORMAL,773,False
751,NORMAL,29,False
751,NORMAL,71,False
751,NORMAL,172,False
751,NORMAL,733,False
751,NORMAL,792,False
752,NORMAL,26,False
752,NORMAL,29,False
752,NORMAL,71,False
752,NORMAL,172,False
752,NORMAL,733,False
752,NORMAL,792,False
753,NORMAL,80,False
753,NORMAL,168,False
753,NORMAL,169,False
753,NORMAL,279,False
753,NORMAL,732,False
753,NORMAL,747,False
753,NORMAL,908,False
754,NORMAL,66,False
754,NORMAL,80,False
754,NORMAL,205,False
754,NORMAL,235,False
754,NORMAL,279,False
754,NORMAL,732,False
754,NORMAL,747,False
754,NORMAL,908,False
755,NORMAL,34,False
755,NORMAL,55,False
755,NORMAL,795,False
756,NORMAL,34,False
756,NORMAL,56,False
756,NORMAL,59,False
756,NORMAL,795,False
757,NORMAL,8,False
757,NORMAL,27,False
757,NORMAL,51,False
757,NORMAL,741,False
757,NORMAL,756,False
758,NORMAL,27,False
758,NORMAL,51,False
758,NORMAL,60,False
758,NORMAL,69,False
758,NORMAL,756,False
758,NORMAL,874,False
759,NORMAL,84,False
759,NORMAL,87,False
759,NORMAL,205,False
759,NORMAL,753,False
759,NORMAL,814,False
760,NORMAL,87,False
760,NORMAL,205,False
760,NORMAL,208,True
760,NORMAL,225,False
760,NORMAL,739,False
760,NORMAL,745,False
760,NORMAL,753,False
761,NORMAL,54,False
761,NORMAL,169,False
761,NORMAL,747,False
761,NORMAL,850,False
762,NORMAL,54,False
762,NORMAL,168,False
762,NORMAL,169,False
762,NORMAL,278,False
762,NORMAL,747,False
762,NORMAL,850,False
763,NORMAL,54,False
763,NORMAL,87,False
763,NORMAL,168,False
763,NORMAL,169,False
763,NORMAL,278,False
763,NORMAL,295,True
763,NORMAL,747,False
763,NORMAL,850,False
763,NORMAL,880,False
764,NORMAL,24,False
764,NORMAL,54,False
764,NORMAL,168,False
764,NORMAL,746,False
764,NORMAL,813,False
765,NORMAL,74,False
765,NORMAL,171,False
765,NORMAL,176,False
765,NORMAL,254,False
765,NORMAL,279,False
765,NORMAL,766,False
765,NORMAL,767,False
765,NORMAL,819,False
766,NORMAL,84,False
766,NORMAL,141,False
766,NORMAL,205,False
766,NORMAL,208,False
766,NORMAL,254,False
766,NORMAL,773,False
766,NORMAL,775,False
766,NORMAL,814,False
767,NORMAL,26,False
767,NORMAL,793,False
768,NORMAL,22,False
768,NORMAL,32,False
768,NORMAL,66,False
768,NORMAL,212,False
768,NORMAL,270,False
768,NORMAL,732,False
768,NORMAL,745,False
768,NORMAL,760,False
768,NORMAL,815,False
769,NORMAL,43,False
769,NORMAL,154,False
769,NORMAL,200,False
769,NORMAL,280,False
769,NORMAL,748,False
769,NORMAL,795,False
769,NORMAL,926,False
770,NORMAL,43,False
770,NORMAL,154,False
770,NORMAL,200,False
770,NORMAL,280,False
770,NORMAL,748,False
770,NORMAL,795,False
770,NORMAL,926,False
771,NORMAL,172,False
771,NORMAL,775,False
772,NULL,22,False
772,NULL,45,False
772,NULL,236,False
772,NULL,753,False
772,NULL,814,False
772,NULL_NORMAL,22,False
772,NULL_NORMAL,45,False
772,NULL_NORMAL,236,False
772,NULL_NORMAL,753,False
772,NULL_NORMAL,814,False
773,BUG,22,False
773,BUG,45,False
773,BUG,66,False
773,BUG,236,False
773,BUG,734,False
773,BUG,753,False
773,BUG,814,False
773,DARK,22,False
773,DARK,45,False
773,DARK,66,False
773,DARK,236,False
773,DARK,734,False
773,DARK,753,False
773,DARK,814,False
773,DRAGON,22,False
773,DRAGON,45,False
773,DRAGON,66,False
773,DRAGON,236,False
773,DRAGON,734,False
773,DRAGON,753,False
773,DRAGON,814,False
773,ELECTRIC,22,False
773,ELECTRIC,45,False
773,ELECTRIC,66,False
773,ELECTRIC,236,False
773,ELECTRIC,734,False
773,ELECTRIC,753,False
773,ELECTRIC,814,False
773,FAIRY,22,False
773,FAIRY,45,False
773,FAIRY,66,False
773,FAIRY,236,False
773,FAIRY,734,False
773,FAIRY,753,False
773,FAIRY,814,False
773,FIGHTING,22,False
773,FIGHTING,45,False
773,FIGHTING,66,False
773,FIGHTING,236,False
773,FIGHTING,734,False
773,FIGHTING,753,False
773,FIGHTING,814,False
773,FIRE,22,False
773,FIRE,45,False
773,FIRE,66,False
773,FIRE,236,False
773,FIRE,734,False
773,FIRE,753,False
773,FIRE,814,False
773,FLYING,22,False
773,FLYING,45,False
773,FLYING,66,False
773,FLYING,236,False
773,FLYING,734,False
773,FLYING,753,False
773,FLYING,814,False
773,GHOST,22,False
773,GHOST,45,False
773,GHOST,66,False
773,GHOST,236,False
773,GHOST,734,False
773,GHOST,753,False
773,GHOST,814,False
773,GRASS,22,False
773,GRASS,45,False
773,GRASS,66,False
773,GRASS,236,False
773,GRASS,734,False
773,GRASS,753,False
773,GRASS,814,False
773,GROUND,22,False
773,GROUND,45,False
773,GROUND,66,False
773,GROUND,236,False
773,GROUND,734,False
773,GROUND,753,False
773,GROUND,814,False
773,ICE,22,False
773,ICE,45,False
773,ICE,66,False
773,ICE,236,False
773,ICE,734,False
773,ICE,753,False
773,ICE,814,False
773,NORMAL,22,False
773,NORMAL,45,False
773,NORMAL,66,False
773,NORMAL,236,False
773,NORMAL,734,False
773,NORMAL,753,False
773,NORMAL,814,False
773,POISON,22,False
773,POISON,45,False
773,POISON,66,False
773,POISON,236,False
773,POISON,734,False
773,POISON,753,False
773,POISON,814,False
773,PSYCHIC,22,False
773,PSYCHIC,45,False
773,PSYCHIC,66,False
773,PSYCHIC,236,False
773,PSYCHIC,734,False
773,PSYCHIC,753,False
773,PSYCHIC,814,False
773,ROCK,22,False
773,ROCK,45,False
773,ROCK,66,False
773,ROCK,236,False
773,ROCK,734,False
773,ROCK,753,False
773,ROCK,814,False
773,STEEL,22,False
773,STEEL,45,False
773,STEEL,66,False
773,STEEL,236,False
773,STEEL,734,False
773,STEEL,753,False
773,STEEL,814,False
773,WATER,22,False
773,WATER,45,False
773,WATER,66,False
773,WATER,236,False
773,WATER,734,False
773,WATER,753,False
773,WATER,814,False
774,BLUE,36,False
774,BLUE,39,False
774,BLUE,251,False
774,BLUE,814,False
774,BLUE,891,False
774,GREEN,36,False
774,GREEN,39,False
774,GREEN,251,False
774,GREEN,814,False
774,GREEN,891,False
774,INDIGO,36,False
774,INDIGO,39,False
774,INDIGO,251,False
774,INDIGO,814,False
774,INDIGO,891,False
774,NORMAL,36,False
774,NORMAL,39,False
774,NORMAL,251,False
774,NORMAL,814,False
774,NORMAL,891,False
774,ORANGE,36,False
774,ORANGE,39,False
774,ORANGE,251,False
774,ORANGE,814,False
774,ORANGE,891,False
774,RED,36,False
774,RED,39,False
774,RED,251,False
774,RED,814,False
774,RED,891,False
774,VIOLET,36,False
774,VIOLET,39,False
774,VIOLET,251,False
774,VIOLET,814,False
774,VIOLET,891,False
774,YELLOW,36,False
774,YELLOW,39,False
774,YELLOW,251,False
774,YELLOW,814,False
774,YELLOW,891,False
775,NORMAL,57,False
775,NORMAL,63,False
775,NORMAL,225,False
775,NORMAL,819,False
775,NORMAL,891,False
776,NORMAL,8,False
776,NORMAL,17,False
776,NORMAL,51,False
776,NORMAL,52,False
776,NORMAL,166,False
776,NORMAL,254,False
776,NORMAL,741,False
776,NORMAL,801,False
776,NORMAL,874,False
777,NORMAL,147,False
777,NORMAL,163,False
777,NORMAL,206,False
777,NORMAL,737,False
777,NORMAL,738,False
778,BUSTED,40,False
778,BUSTED,48,False
778,BUSTED,57,False
778,BUSTED,745,False
778,BUSTED,796,False
778,DISGUISED,40,False
778,DISGUISED,48,False
778,DISGUISED,57,False
778,DISGUISED,745,False
778,DISGUISED,796,False
778,NORMAL,40,False
778,NORMAL,48,False
778,NORMAL,57,False
778,NORMAL,745,False
778,NORMAL,796,False
779,NORMAL,33,False
779,NORMAL,35,False
779,NORMAL,175,False
779,NORMAL,242,False
779,NORMAL,734,False
779,NORMAL,762,False
779,NORMAL,767,False
780,NORMAL,51,False
780,NORMAL,85,False
780,NORMAL,173,False
780,NORMAL,233,False
780,NORMAL,736,False
780,NORMAL,806,False
781,NORMAL,1,False
781,NORMAL,43,False
781,NORMAL,81,False
781,NORMAL,164,False
781,NORMAL,254,False
781,NORMAL,745,False
781,NORMAL,795,False
781,NORMAL,925,False
782,O,51,False
782,O,52,False
782,O,84,False
782,O,753,False
782,O,785,False
782,O_NORMAL,51,False
782,O_NORMAL,52,False
782,O_NORMAL,84,False
782,O_NORMAL,753,False
782,O_NORMAL,785,False
783,O,37,False
783,O,51,False
783,O,52,False
783,O,84,False
783,O,753,False
783,O,785,False
783,O_NORMAL,37,False
783,O_NORMAL,51,False
783,O_NORMAL,52,False
783,O_NORMAL,84,False
783,O_NORMAL,753,False
783,O_NORMAL,785,False
784,O,8,False
784,O,52,False
784,O,84,False
784,O,141,False
784,O,267,False
784,O,305,False
784,O,308,True
784,O,756,False
784,O,785,False
784,O,925,False
784,O_NORMAL,8,False
784,O_NORMAL,52,False
784,O_NORMAL,84,False
784,O_NORMAL,141,False
784,O_NORMAL,267,False
784,O_NORMAL,305,False
784,O_NORMAL,308,True
784,O_NORMAL,756,False
784,O_NORMAL,785,False
784,O_NORMAL,925,False
785,KOKO,48,False
785,KOKO,49,False
785,KOKO,55,False
785,KOKO,152,False
785,KOKO,277,True
785,KOKO,751,False
785,KOKO,782,False
785,KOKO_NORMAL,48,False
785,KOKO_NORMAL,49,False
785,KOKO_NORMAL,55,False
785,KOKO_NORMAL,152,False
785,KOKO_NORMAL,277,True
785,KOKO_NORMAL,751,False
785,KOKO_NORMAL,782,False
786,LELE,35,False
786,LELE,54,False
786,LELE,56,False
786,LELE,143,False
786,LELE,171,False
786,LELE,277,True
786,LELE,767,False
786,LELE,795,False
786,LELE_NORMAL,35,False
786,LELE_NORMAL,54,False
786,LELE_NORMAL,56,False
786,LELE_NORMAL,143,False
786,LELE_NORMAL,171,False
786,LELE_NORMAL,277,True
786,LELE_NORMAL,767,False
786,LELE_NORMAL,795,False
787,BULU,7,False
787,BULU,55,False
787,BULU,79,False
787,BULU,168,False
787,BULU,277,True
787,BULU,773,False
787,BULU,803,False
787,BULU_NORMAL,7,False
787,BULU_NORMAL,55,False
787,BULU_NORMAL,79,False
787,BULU_NORMAL,168,False
787,BULU_NORMAL,277,True
787,BULU_NORMAL,773,False
787,BULU_NORMAL,803,False
788,FINI,19,False
788,FINI,56,False
788,FINI,73,False
788,FINI,180,False
788,FINI,277,True
788,FINI,762,False
788,FINI,813,False
788,FINI_NORMAL,19,False
788,FINI_NORMAL,56,False
788,FINI_NORMAL,73,False
788,FINI_NORMAL,180,False
788,FINI_NORMAL,277,True
788,FINI_NORMAL,762,False
788,FINI_NORMAL,813,False
789,NORMAL,91,False
789,NORMAL,763,False
790,NORMAL,91,False
790,NORMAL,763,False
791,NORMAL,8,False
791,NORMAL,45,False
791,NORMAL,79,False
791,NORMAL,242,False
791,NORMAL,766,False
791,NORMAL,801,False
792,NORMAL,43,False
792,NORMAL,56,False
792,NORMAL,74,False
792,NORMAL,171,False
792,NORMAL,745,False
792,NORMAL,767,False
792,NORMAL,787,False
793,NORMAL,38,False
793,NORMAL,39,False
793,NORMAL,59,False
793,NORMAL,61,False
793,NORMAL,754,False
793,NORMAL,756,False
793,NORMAL,757,False
794,NORMAL,202,False
794,NORMAL,205,False
794,NORMAL,206,False
794,NORMAL,213,False
794,NORMAL,756,False
794,NORMAL,775,False
795,NORMAL,26,False
795,NORMAL,141,False
795,NORMAL,143,False
795,NORMAL,202,False
795,NORMAL,733,False
795,NORMAL,739,False
796,NORMAL,16,False
796,NORMAL,48,False
796,NORMAL,55,False
796,NORMAL,81,False
796,NORMAL,737,False
796,NORMAL,738,False
797,NORMAL,45,False
797,NORMAL,63,False
797,NORMAL,89,False
797,NORMAL,164,False
797,NORMAL,787,False
797,NORMAL,829,False
798,NORMAL,22,False
798,NORMAL,28,False
798,NORMAL,66,False
798,NORMAL,80,False
798,NORMAL,222,False
798,NORMAL,732,False
798,NORMAL,747,False
798,NORMAL,787,False
799,NORMAL,52,False
799,NORMAL,59,False
799,NORMAL,175,False
799,NORMAL,254,False
799,NORMAL,785,False
799,NORMAL,810,False
800,DAWN_WINGS,3,False
800,DAWN_WINGS,45,False
800,DAWN_WINGS,171,False
800,DAWN_WINGS,173,False
800,DAWN_WINGS,292,False
800,DAWN_WINGS,745,False
800,DAWN_WINGS,758,False
800,DAWN_WINGS,760,False
800,DUSK_MANE,3,False
800,DUSK_MANE,45,False
800,DUSK_MANE,171,False
800,DUSK_MANE,173,False
800,DUSK_MANE,291,False
800,DUSK_MANE,745,False
800,DUSK_MANE,758,False
800,DUSK_MANE,760,False
800,NORMAL,3,False
800,NORMAL,45,False
800,NORMAL,171,False
800,NORMAL,173,False
800,NORMAL,745,False
800,NORMAL,758,False
800,NORMAL,760,False
800,ULTRA,91,False
800,ULTRA,763,False
801,NORMAL,91,False
801,NORMAL,763,False
801,ORIGINAL_COLOR,91,False
801,ORIGINAL_COLOR,763,False
802,NORMAL,14,False
802,NORMAL,38,False
802,NORMAL,47,False
802,NORMAL,78,False
802,NORMAL,141,False
802,NORMAL,735,False
802,NORMAL,745,False
802,NORMAL,756,False
802,NORMAL,775,False
803,NORMAL,59,False
803,NORMAL,60,False
803,NORMAL,206,False
803,NORMAL,743,False
803,NORMAL,756,False
804,NORMAL,51,False
804,NORMAL,52,False
804,NORMAL,59,False
804,NORMAL,206,False
804,NORMAL,251,False
804,NORMAL,756,False
804,NORMAL,787,False
805,NORMAL,13,False
805,NORMAL,17,False
805,NORMAL,63,False
805,NORMAL,759,False
805,NORMAL,814,False
806,NORMAL,43,False
806,NORMAL,166,False
806,NORMAL,269,False
806,NORMAL,315,True
806,NORMAL,795,False
806,NORMAL,874,False
807,NORMAL,16,False
807,NORMAL,47,False
807,NORMAL,147,False
807,NORMAL,738,False
807,NORMAL,782,False
808,NORMAL,17,False
808,NORMAL,49,False
808,NORMAL,737,False
809,NORMAL,2,False
809,NORMAL,17,False
809,NORMAL,38,False
809,NORMAL,49,False
809,NORMAL,205,False
809,NORMAL,268,True
809,NORMAL,737,False
810,NORMAL,168,False
810,NORMAL,169,False
810,NORMAL,747,False
810,NORMAL,752,False
811,NORMAL,168,False
811,NORMAL,169,False
811,NORMAL,747,False
811,NORMAL,752,False
812,NORMAL,168,False
812,NORMAL,169,False
812,NORMAL,192,True
812,NORMAL,200,False
812,NORMAL,316,False
812,NORMAL,747,False
812,NORMAL,752,False
813,NORMAL,8,False
813,NORMAL,67,False
813,NORMAL,753,False
813,NORMAL,801,False
814,NORMAL,8,False
814,NORMAL,67,False
814,NORMAL,753,False
814,NORMAL,801,False
815,NORMAL,8,False
815,NORMAL,67,False
815,NORMAL,143,False
815,NORMAL,194,True
815,NORMAL,317,False
815,NORMAL,753,False
815,NORMAL,801,False
816,NORMAL,71,False
816,NORMAL,180,False
816,NORMAL,754,False
816,NORMAL,762,False
817,NORMAL,71,False
817,NORMAL,180,False
817,NORMAL,754,False
817,NORMAL,762,False
818,NORMAL,43,False
818,NORMAL,71,False
818,NORMAL,180,False
818,NORMAL,754,False
818,NORMAL,762,False
819,NORMAL,89,False
819,NORMAL,175,False
819,NORMAL,279,False
819,NORMAL,734,False
819,NORMAL,753,False
819,NORMAL,803,False
820,NORMAL,89,False
820,NORMAL,175,False
820,NORMAL,279,False
820,NORMAL,734,False
820,NORMAL,748,False
820,NORMAL,753,False
820,NORMAL,803,False
821,NORMAL,153,False
821,NORMAL,225,False
821,NORMAL,743,False
821,NORMAL,787,False
821,NORMAL,926,False
822,NORMAL,153,False
822,NORMAL,225,False
822,NORMAL,743,False
822,NORMAL,787,False
822,NORMAL,926,False
823,NORMAL,45,True
823,NORMAL,82,True
823,NORMAL,153,False
823,NORMAL,225,False
823,NORMAL,771,False
823,NORMAL,787,False
823,NORMAL,926,False
824,NORMAL,91,False
824,NORMAL,793,False
825,NORMAL,26,False
825,NORMAL,74,False
825,NORMAL,767,False
825,NORMAL,793,False
826,NORMAL,26,False
826,NORMAL,35,False
826,NORMAL,74,False
826,NORMAL,758,False
826,NORMAL,767,False
826,NORMAL,793,False
827,NORMAL,28,False
827,NORMAL,57,False
827,NORMAL,735,False
827,NORMAL,751,False
827,NORMAL,810,False
828,NORMAL,28,False
828,NORMAL,57,False
828,NORMAL,735,False
828,NORMAL,751,False
828,NORMAL,810,False
829,NORMAL,168,False
829,NORMAL,169,False
829,NORMAL,747,False
829,NORMAL,803,False
830,NORMAL,168,False
830,NORMAL,169,False
830,NORMAL,747,False
830,NORMAL,803,False
831,NORMAL,87,False
831,NORMAL,147,False
831,NORMAL,225,False
831,NORMAL,753,False
831,NORMAL,814,False
832,NORMAL,89,False
832,NORMAL,147,False
832,NORMAL,225,False
832,NORMAL,753,False
832,NORMAL,814,False
832,NORMAL,879,False
833,NORMAL,89,False
833,NORMAL,180,False
833,NORMAL,734,False
833,NORMAL,762,False
834,NORMAL,89,False
834,NORMAL,155,False
834,NORMAL,175,False
834,NORMAL,180,False
834,NORMAL,734,False
834,NORMAL,815,False
835,NORMAL,48,False
835,NORMAL,175,False
835,NORMAL,734,False
835,NORMAL,738,False
836,NORMAL,48,False
836,NORMAL,175,False
836,NORMAL,734,False
836,NORMAL,738,False
837,NORMAL,38,False
837,NORMAL,155,False
837,NORMAL,753,False
837,NORMAL,829,False
838,NORMAL,38,False
838,NORMAL,67,False
838,NORMAL,155,False
838,NORMAL,753,False
838,NORMAL,829,False
839,NORMAL,38,False
839,NORMAL,67,False
839,NORMAL,155,False
839,NORMAL,801,False
839,NORMAL,829,False
840,NORMAL,91,False
840,NORMAL,795,False
841,NORMAL,34,False
841,NORMAL,51,False
841,NORMAL,173,False
841,NORMAL,233,False
841,NORMAL,736,False
841,NORMAL,803,False
842,NORMAL,34,False
842,NORMAL,51,False
842,NORMAL,169,False
842,NORMAL,173,False
842,NORMAL,795,False
842,NORMAL,803,False
843,NORMAL,1,False
843,NORMAL,9,False
843,NORMAL,63,False
843,NORMAL,200,False
843,NORMAL,748,False
843,NORMAL,765,False
844,NORMAL,1,False
844,NORMAL,9,False
844,NORMAL,63,False
844,NORMAL,200,False
844,NORMAL,748,False
844,NORMAL,765,False
845,NORMAL,18,False
845,NORMAL,73,False
845,NORMAL,233,False
845,NORMAL,743,False
845,NORMAL,762,False
846,NORMAL,32,False
846,NORMAL,141,False
846,NORMAL,175,False
846,NORMAL,734,False
846,NORMAL,743,False
846,NORMAL,815,False
847,NORMAL,32,False
847,NORMAL,141,False
847,NORMAL,175,False
847,NORMAL,734,False
847,NORMAL,743,False
847,NORMAL,815,False
848,NORMAL,213,False
848,NORMAL,757,False
849,AMPED,16,False
849,AMPED,147,False
849,AMPED,199,False
849,AMPED,213,False
849,AMPED,738,False
849,AMPED,756,False
849,AMPED,757,False
849,LOW_KEY,16,False
849,LOW_KEY,147,False
849,LOW_KEY,199,False
849,LOW_KEY,213,False
849,LOW_KEY,738,False
849,LOW_KEY,756,False
849,LOW_KEY,757,False
849,NORMAL,16,False
849,NORMAL,147,False
849,NORMAL,199,False
849,NORMAL,213,False
849,NORMAL,738,False
849,NORMAL,756,False
849,NORMAL,757,False
850,NORMAL,21,False
850,NORMAL,26,False
850,NORMAL,175,False
850,NORMAL,733,False
850,NORMAL,741,False
851,NORMAL,21,False
851,NORMAL,26,False
851,NORMAL,175,False
851,NORMAL,202,False
851,NORMAL,733,False
851,NORMAL,741,False
852,NORMAL,14,False
852,NORMAL,84,False
852,NORMAL,205,False
852,NORMAL,773,False
853,NORMAL,14,False
853,NORMAL,84,False
853,NORMAL,180,False
853,NORMAL,205,False
853,NORMAL,773,False
853,NORMAL,815,False
854,ANTIQUE,3,False
854,ANTIQUE,43,False
854,ANTIQUE,74,False
854,ANTIQUE,735,False
854,ANTIQUE,795,False
854,NORMAL,3,False
854,NORMAL,43,False
854,NORMAL,74,False
854,NORMAL,735,False
854,NORMAL,795,False
854,PHONY,3,False
854,PHONY,43,False
854,PHONY,74,False
854,PHONY,735,False
854,PHONY,795,False
855,ANTIQUE,3,False
855,ANTIQUE,43,False
855,ANTIQUE,74,False
855,ANTIQUE,735,False
855,ANTIQUE,795,False
855,ANTIQUE,796,False
855,NORMAL,3,False
855,NORMAL,43,False
855,NORMAL,74,False
855,NORMAL,735,False
855,NORMAL,795,False
855,NORMAL,796,False
855,PHONY,3,False
855,PHONY,43,False
855,PHONY,74,False
855,PHONY,735,False
855,PHONY,795,False
855,PHONY,796,False
856,NORMAL,35,False
856,NORMAL,55,False
856,NORMAL,74,False
856,NORMAL,767,False
856,NORMAL,850,False
857,NORMAL,35,False
857,NORMAL,55,False
857,NORMAL,74,False
857,NORMAL,767,False
857,NORMAL,850,False
858,NORMAL,35,False
858,NORMAL,55,False
858,NORMAL,74,False
858,NORMAL,81,False
858,NORMAL,758,False
858,NORMAL,767,False
858,NORMAL,850,False
859,NORMAL,3,False
859,NORMAL,57,False
859,NORMAL,176,False
859,NORMAL,734,False
859,NORMAL,735,False
860,NORMAL,3,False
860,NORMAL,57,False
860,NORMAL,176,False
860,NORMAL,734,False
860,NORMAL,735,False
861,NORMAL,3,False
861,NORMAL,57,False
861,NORMAL,176,False
861,NORMAL,213,False
861,NORMAL,734,False
861,NORMAL,735,False
861,NORMAL,739,False
862,NORMAL,2,False
862,NORMAL,10,False
862,NORMAL,28,False
862,NORMAL,61,False
862,NORMAL,257,True
862,NORMAL,744,False
862,NORMAL,775,False
863,NORMAL,45,False
863,NORMAL,57,False
863,NORMAL,141,False
863,NORMAL,176,False
863,NORMAL,279,False
863,NORMAL,745,False
863,NORMAL,760,False
863,NORMAL,925,False
864,NORMAL,39,False
864,NORMAL,155,False
864,NORMAL,161,False
864,NORMAL,753,False
864,NORMAL,795,False
865,NORMAL,28,False
865,NORMAL,80,False
865,NORMAL,141,False
865,NORMAL,152,False
865,NORMAL,732,False
865,NORMAL,775,False
866,RIME,11,False
866,RIME,14,False
866,RIME,74,False
866,RIME,76,False
866,RIME,278,False
866,RIME,749,False
866,RIME,766,False
866,RIME,767,False
866,RIME_NORMAL,11,False
866,RIME_NORMAL,14,False
866,RIME_NORMAL,74,False
866,RIME_NORMAL,76,False
866,RIME_NORMAL,278,False
866,RIME_NORMAL,749,False
866,RIME_NORMAL,766,False
866,RIME_NORMAL,767,False
867,NORMAL,37,False
867,NORMAL,43,False
867,NORMAL,154,False
867,NORMAL,254,False
867,NORMAL,745,False
867,NORMAL,795,False
868,NORMAL,55,False
868,NORMAL,753,False
868,NORMAL,850,False
869,NORMAL,35,False
869,NORMAL,55,False
869,NORMAL,169,False
869,NORMAL,753,False
869,NORMAL,850,False
870,NORMAL,7,False
870,NORMAL,84,False
870,NORMAL,205,False
870,NORMAL,773,False
870,NORMAL,775,False
871,NORMAL,16,False
871,NORMAL,29,False
871,NORMAL,49,False
871,NORMAL,737,False
871,NORMAL,756,False
871,NORMAL,762,False
872,NORMAL,26,False
872,NORMAL,76,False
872,NORMAL,776,False
872,NORMAL,793,False
873,NORMAL,19,False
873,NORMAL,26,False
873,NORMAL,76,False
873,NORMAL,83,False
873,NORMAL,733,False
873,NORMAL,776,False
874,NORMAL,13,False
874,NORMAL,38,False
874,NORMAL,87,False
874,NORMAL,759,False
875,ICE,76,False
875,ICE,180,False
875,ICE,189,False
875,ICE,776,False
875,NOICE,76,False
875,NOICE,180,False
875,NOICE,189,False
875,NOICE,776,False
875,NORMAL,76,False
875,NORMAL,180,False
875,NORMAL,189,False
875,NORMAL,776,False
876,FEMALE,11,False
876,FEMALE,74,False
876,FEMALE,169,False
876,FEMALE,806,False
876,MALE,11,False
876,MALE,43,False
876,MALE,74,False
876,MALE,806,False
876,NORMAL,11,False
876,NORMAL,43,False
876,NORMAL,74,False
876,NORMAL,806,False
877,FULL_BELLY,34,False
877,FULL_BELLY,173,False
877,FULL_BELLY,242,False
877,FULL_BELLY,734,False
877,FULL_BELLY,737,False
877,FULL_BELLY,781,False
877,HANGRY,34,False
877,HANGRY,173,False
877,HANGRY,242,False
877,HANGRY,734,False
877,HANGRY,737,False
877,HANGRY,781,False
877,NORMAL,34,False
877,NORMAL,173,False
877,NORMAL,242,False
877,NORMAL,734,False
877,NORMAL,737,False
877,NORMAL,781,False
878,NORMAL,9,False
878,NORMAL,45,False
878,NORMAL,57,False
878,NORMAL,753,False
878,NORMAL,773,False
879,NORMAL,9,False
879,NORMAL,45,False
879,NORMAL,57,False
879,NORMAL,164,False
879,NORMAL,753,False
879,NORMAL,773,False
880,NORMAL,16,False
880,NORMAL,36,False
880,NORMAL,51,False
880,NORMAL,737,False
880,NORMAL,785,False
881,NORMAL,16,False
881,NORMAL,36,False
881,NORMAL,150,False
881,NORMAL,737,False
881,NORMAL,776,False
882,NORMAL,36,False
882,NORMAL,51,False
882,NORMAL,70,False
882,NORMAL,736,False
882,NORMAL,762,False
883,NORMAL,36,False
883,NORMAL,70,False
883,NORMAL,150,False
883,NORMAL,762,False
883,NORMAL,776,False
884,NORMAL,2,False
884,NORMAL,17,False
884,NORMAL,52,False
884,NORMAL,760,False
884,NORMAL,785,False
885,NORMAL,91,False
885,NORMAL,751,False
885,NORMAL,795,False
886,NORMAL,43,False
886,NORMAL,51,False
886,NORMAL,173,False
886,NORMAL,785,False
886,NORMAL,795,False
887,NORMAL,43,False
887,NORMAL,51,False
887,NORMAL,173,False
887,NORMAL,266,False
887,NORMAL,785,False
887,NORMAL,795,False
888,CROWNED_SWORD,57,False
888,CROWNED_SWORD,141,False
888,CROWNED_SWORD,215,False
888,CROWNED_SWORD,303,False
888,CROWNED_SWORD,760,False
888,CROWNED_SWORD,787,False
888,HERO,45,False
888,HERO,57,False
888,HERO,141,False
888,HERO,147,False
888,HERO,751,False
888,HERO,760,False
888,HERO,772,False
888,HERO,810,False
889,CROWNED_SHIELD,56,False
889,CROWNED_SHIELD,141,False
889,CROWNED_SHIELD,215,False
889,CROWNED_SHIELD,304,False
889,CROWNED_SHIELD,760,False
889,CROWNED_SHIELD,857,False
889,HERO,45,False
889,HERO,56,False
889,HERO,141,False
889,HERO,175,False
889,HERO,751,False
889,HERO,760,False
889,HERO,810,False
889,HERO,857,False
890,ETERNAMAX,2,False
890,ETERNAMAX,8,False
890,ETERNAMAX,59,False
890,ETERNAMAX,756,False
890,ETERNAMAX,785,False
890,NORMAL,8,False
890,NORMAL,51,False
890,NORMAL,59,False
890,NORMAL,756,False
890,NORMAL,785,False
891,NORMAL,84,False
891,NORMAL,141,False
891,NORMAL,142,False
891,NORMAL,773,False
891,NORMAL,775,False
892,RAPID_STRIKE,32,False
892,RAPID_STRIKE,84,False
892,RAPID_STRIKE,141,False
892,RAPID_STRIKE,142,False
892,RAPID_STRIKE,773,False
892,RAPID_STRIKE,775,False
892,RAPID_STRIKE,815,False
892,SINGLE_STRIKE,84,False
892,SINGLE_STRIKE,141,False
892,SINGLE_STRIKE,142,False
892,SINGLE_STRIKE,225,False
892,SINGLE_STRIKE,735,False
892,SINGLE_STRIKE,773,False
892,SINGLE_STRIKE,775,False
893,NORMAL,3,False
893,NORMAL,81,False
893,NORMAL,169,False
893,NORMAL,734,False
893,NORMAL,746,False
894,NORMAL,2,False
894,NORMAL,48,False
894,NORMAL,148,False
894,NORMAL,306,True
894,NORMAL,737,False
894,NORMAL,782,False
894,NORMAL,855,False
895,NORMAL,2,False
895,NORMAL,5,False
895,NORMAL,51,False
895,NORMAL,173,False
895,NORMAL,266,False
895,NORMAL,310,True
895,NORMAL,734,False
895,NORMAL,736,True
896,NORMAL,63,False
896,NORMAL,76,False
896,NORMAL,150,False
896,NORMAL,753,False
896,NORMAL,814,False
897,NORMAL,43,False
897,NORMAL,63,False
897,NORMAL,176,False
897,NORMAL,753,False
897,NORMAL,814,False
898,ICE_RIDER,35,False
898,ICE_RIDER,74,False
898,ICE_RIDER,150,False
898,ICE_RIDER,169,False
898,ICE_RIDER,767,False
898,ICE_RIDER,814,False
898,NORMAL,35,False
898,NORMAL,74,False
898,NORMAL,169,False
898,NORMAL,754,False
898,NORMAL,767,False
898,SHADOW_RIDER,35,False
898,SHADOW_RIDER,43,False
898,SHADOW_RIDER,74,False
898,SHADOW_RIDER,169,False
898,SHADOW_RIDER,767,False
898,SHADOW_RIDER,814,False
899,NORMAL,7,False
899,NORMAL,74,False
899,NORMAL,87,False
899,NORMAL,147,False
899,NORMAL,753,False
899,NORMAL,766,False
899,NORMAL,767,False
900,NORMAL,13,False
900,NORMAL,38,False
900,NORMAL,66,False
900,NORMAL,279,False
900,NORMAL,732,False
900,NORMAL,751,False
900,NORMAL,787,False
901,NORMAL,14,False
901,NORMAL,22,False
901,NORMAL,47,False
901,NORMAL,57,False
901,NORMAL,78,False
901,NORMAL,85,False
901,NORMAL,264,True
901,NORMAL,279,False
901,NORMAL,753,False
901,NORMAL,773,False
901,NORMAL,829,False
903,NORMAL,22,False
903,NORMAL,66,False
903,NORMAL,141,False
903,NORMAL,745,False
903,NORMAL,756,False
903,NORMAL,773,False
904,NORMAL,3,False
904,NORMAL,19,False
904,NORMAL,33,False
904,NORMAL,43,False
904,NORMAL,59,False
904,NORMAL,756,False
904,NORMAL,768,False
905,INCARNATE,55,False
905,INCARNATE,168,False
905,INCARNATE,233,False
905,INCARNATE,766,False
905,INCARNATE,795,False
905,INCARNATE,876,False
905,THERIAN,56,False
905,THERIAN,200,False
905,THERIAN,233,False
905,THERIAN,269,False
905,THERIAN,795,False
905,THERIAN,806,False
905,THERIAN,876,False
906,NORMAL,57,False
906,NORMAL,168,False
906,NORMAL,169,False
906,NORMAL,850,False
906,NORMAL,908,False
907,NORMAL,57,False
907,NORMAL,168,False
907,NORMAL,169,False
907,NORMAL,850,False
907,NORMAL,908,False
908,NORMAL,28,False
908,NORMAL,57,False
908,NORMAL,168,False
908,NORMAL,169,False
908,NORMAL,192,True
908,NORMAL,299,False
908,NORMAL,850,False
908,NORMAL,908,False
909,NORMAL,8,False
909,NORMAL,53,False
909,NORMAL,175,False
909,NORMAL,734,False
909,NORMAL,874,False
910,NORMAL,8,False
910,NORMAL,53,False
910,NORMAL,175,False
910,NORMAL,734,False
910,NORMAL,874,False
911,NORMAL,8,False
911,NORMAL,43,False
911,NORMAL,53,False
911,NORMAL,175,False
911,NORMAL,194,True
911,NORMAL,302,False
911,NORMAL,734,False
911,NORMAL,796,False
911,NORMAL,874,False
912,NORMAL,22,False
912,NORMAL,32,False
912,NORMAL,270,False
912,NORMAL,742,False
912,NORMAL,762,False
913,NORMAL,22,False
913,NORMAL,32,False
913,NORMAL,270,False
913,NORMAL,742,False
913,NORMAL,762,False
914,NORMAL,22,False
914,NORMAL,32,False
914,NORMAL,141,False
914,NORMAL,195,True
914,NORMAL,270,False
914,NORMAL,311,False
914,NORMAL,742,False
914,NORMAL,762,False
915,NORMAL,9,False
915,NORMAL,89,False
915,NORMAL,279,False
915,NORMAL,753,False
915,NORMAL,814,False
916,FEMALE,9,False
916,FEMALE,89,False
916,FEMALE,279,False
916,FEMALE,753,False
916,FEMALE,814,False
916,NORMAL,9,False
916,NORMAL,89,False
916,NORMAL,279,False
916,NORMAL,753,False
916,NORMAL,814,False
917,NORMAL,66,False
917,NORMAL,168,False
917,NORMAL,202,False
917,NORMAL,733,False
917,NORMAL,793,False
918,NORMAL,37,False
918,NORMAL,66,False
918,NORMAL,168,False
918,NORMAL,202,False
918,NORMAL,733,False
918,NORMAL,745,False
918,NORMAL,775,False
919,NORMAL,26,False
919,NORMAL,66,False
919,NORMAL,279,False
919,NORMAL,733,False
919,NORMAL,793,False
920,NORMAL,3,False
920,NORMAL,26,False
920,NORMAL,66,False
920,NORMAL,279,False
920,NORMAL,733,False
920,NORMAL,735,False
920,NORMAL,775,False
921,NORMAL,16,False
921,NORMAL,49,False
921,NORMAL,147,False
921,NORMAL,737,False
921,NORMAL,738,False
921,NORMAL,781,False
922,NORMAL,16,False
922,NORMAL,47,False
922,NORMAL,49,False
922,NORMAL,147,False
922,NORMAL,737,False
922,NORMAL,738,False
922,NORMAL,781,False
923,NORMAL,16,False
923,NORMAL,47,False
923,NORMAL,49,False
923,NORMAL,84,True
923,NORMAL,141,False
923,NORMAL,147,False
923,NORMAL,737,False
923,NORMAL,738,False
923,NORMAL,739,False
923,NORMAL,781,False
924,NORMAL,57,False
924,NORMAL,85,False
924,NORMAL,175,False
924,NORMAL,748,False
924,NORMAL,803,False
924,NORMAL,814,False
925,FAMILY_OF_FOUR,57,False
925,FAMILY_OF_FOUR,85,False
925,FAMILY_OF_FOUR,175,False
925,FAMILY_OF_FOUR,748,False
925,FAMILY_OF_FOUR,803,False
925,FAMILY_OF_FOUR,814,False
925,FAMILY_OF_THREE,57,False
925,FAMILY_OF_THREE,85,False
925,FAMILY_OF_THREE,175,False
925,FAMILY_OF_THREE,748,False
925,FAMILY_OF_THREE,803,False
925,FAMILY_OF_THREE,814,False
925,NORMAL,57,False
925,NORMAL,85,False
925,NORMAL,175,False
925,NORMAL,748,False
925,NORMAL,803,False
925,NORMAL,814,False
926,NORMAL,57,False
926,NORMAL,89,False
926,NORMAL,242,False
926,NORMAL,734,False
926,NORMAL,850,False
927,NORMAL,57,False
927,NORMAL,89,False
927,NORMAL,242,False
927,NORMAL,734,False
927,NORMAL,772,False
927,NORMAL,850,False
928,NORMAL,34,False
928,NORMAL,169,False
928,NORMAL,200,False
928,NORMAL,279,False
928,NORMAL,747,False
928,NORMAL,753,False
929,NORMAL,34,False
929,NORMAL,169,False
929,NORMAL,200,False
929,NORMAL,279,False
929,NORMAL,747,False
929,NORMAL,753,False
929,NORMAL,880,False
930,NORMAL,34,False
930,NORMAL,169,False
930,NORMAL,200,False
930,NORMAL,279,False
930,NORMAL,747,False
930,NORMAL,753,False
930,NORMAL,880,False
931,BLUE,22,False
931,BLUE,152,False
931,BLUE,233,False
931,BLUE,743,False
931,BLUE,787,False
931,GREEN,22,False
931,GREEN,152,False
931,GREEN,233,False
931,GREEN,743,False
931,GREEN,787,False
931,NORMAL,22,False
931,NORMAL,152,False
931,NORMAL,233,False
931,NORMAL,743,False
931,NORMAL,787,False
931,WHITE,22,False
931,WHITE,152,False
931,WHITE,233,False
931,WHITE,743,False
931,WHITE,787,False
931,YELLOW,22,False
931,YELLOW,152,False
931,YELLOW,233,False
931,YELLOW,743,False
931,YELLOW,787,False
932,NORMAL,36,False
932,NORMAL,37,False
932,NORMAL,155,False
932,NORMAL,748,False
932,NORMAL,759,False
933,NORMAL,36,False
933,NORMAL,37,False
933,NORMAL,155,False
933,NORMAL,748,False
933,NORMAL,829,False
934,NORMAL,36,False
934,NORMAL,37,False
934,NORMAL,155,False
934,NORMAL,748,False
934,NORMAL,829,False
935,NORMAL,8,False
935,NORMAL,21,False
935,NORMAL,67,False
935,NORMAL,741,False
935,NORMAL,874,False
936,NORMAL,8,False
936,NORMAL,21,False
936,NORMAL,35,False
936,NORMAL,67,False
936,NORMAL,741,False
936,NORMAL,874,False
937,NORMAL,8,False
937,NORMAL,21,False
937,NORMAL,43,False
937,NORMAL,67,False
937,NORMAL,741,False
937,NORMAL,874,False
938,NORMAL,16,False
938,NORMAL,46,False
938,NORMAL,148,False
938,NORMAL,737,False
938,NORMAL,762,False
939,NORMAL,16,False
939,NORMAL,46,False
939,NORMAL,148,False
939,NORMAL,735,False
939,NORMAL,737,False
939,NORMAL,762,False
940,NORMAL,22,False
940,NORMAL,49,False
940,NORMAL,251,False
940,NORMAL,737,False
940,NORMAL,743,False
941,NORMAL,22,False
941,NORMAL,49,False
941,NORMAL,251,False
941,NORMAL,737,False
941,NORMAL,787,False
942,NORMAL,9,False
942,NORMAL,175,False
942,NORMAL,225,False
942,NORMAL,734,False
942,NORMAL,810,False
943,NORMAL,9,False
943,NORMAL,175,False
943,NORMAL,225,False
943,NORMAL,734,False
943,NORMAL,810,False
944,NORMAL,27,False
944,NORMAL,59,False
944,NORMAL,199,False
944,NORMAL,756,False
944,NORMAL,765,False
945,NORMAL,27,False
945,NORMAL,59,False
945,NORMAL,199,False
945,NORMAL,756,False
945,NORMAL,765,False
946,NORMAL,40,False
946,NORMAL,81,False
946,NORMAL,161,False
946,NORMAL,795,False
946,NORMAL,803,False
947,NORMAL,40,False
947,NORMAL,81,False
947,NORMAL,161,False
947,NORMAL,796,False
947,NORMAL,803,False
948,NORMAL,1,False
948,NORMAL,34,False
948,NORMAL,200,False
948,NORMAL,748,False
948,NORMAL,765,False
949,NORMAL,1,False
949,NORMAL,34,False
949,NORMAL,199,False
949,NORMAL,200,False
949,NORMAL,748,False
949,NORMAL,765,False
950,NORMAL,37,False
950,NORMAL,38,False
950,NORMAL,63,False
950,NORMAL,759,False
950,NORMAL,765,False
951,NORMAL,34,False
951,NORMAL,168,False
951,NORMAL,235,False
951,NORMAL,747,False
951,NORMAL,908,False
952,NORMAL,8,False
952,NORMAL,166,False
952,NORMAL,168,False
952,NORMAL,235,False
952,NORMAL,772,False
952,NORMAL,908,False
953,NORMAL,9,False
953,NORMAL,26,False
953,NORMAL,202,False
953,NORMAL,733,False
953,NORMAL,793,False
954,NORMAL,9,False
954,NORMAL,11,False
954,NORMAL,26,False
954,NORMAL,202,False
954,NORMAL,733,False
954,NORMAL,767,False
955,NORMAL,11,False
955,NORMAL,35,False
955,NORMAL,74,False
955,NORMAL,743,False
955,NORMAL,767,False
956,NORMAL,11,False
956,NORMAL,35,False
956,NORMAL,55,False
956,NORMAL,74,False
956,NORMAL,743,False
956,NORMAL,767,False
957,NORMAL,17,False
957,NORMAL,57,False
957,NORMAL,773,False
957,NORMAL,876,False
958,NORMAL,17,False
958,NORMAL,57,False
958,NORMAL,773,False
958,NORMAL,876,False
959,NORMAL,17,False
959,NORMAL,57,False
959,NORMAL,63,False
959,NORMAL,164,False
959,NORMAL,318,True
959,NORMAL,773,False
959,NORMAL,876,False
960,NORMAL,9,False
960,NORMAL,180,False
960,NORMAL,270,False
960,NORMAL,762,False
960,NORMAL,765,False
961,NORMAL,9,False
961,NORMAL,180,False
961,NORMAL,270,False
961,NORMAL,762,False
961,NORMAL,765,False
962,NORMAL,22,False
962,NORMAL,37,False
962,NORMAL,225,False
962,NORMAL,233,False
962,NORMAL,735,False
962,NORMAL,742,False
962,NORMAL,759,False
963,NORMAL,32,False
963,NORMAL,71,False
963,NORMAL,76,False
963,NORMAL,815,False
963,NORMAL,850,False
964,HERO,32,False
964,HERO,71,False
964,HERO,76,False
964,HERO,208,False
964,HERO,251,False
964,HERO,775,False
964,HERO,815,False
964,HERO,850,False
964,NORMAL,32,False
964,NORMAL,71,False
964,NORMAL,76,False
964,NORMAL,208,False
964,NORMAL,251,False
964,NORMAL,775,False
964,NORMAL,815,False
964,NORMAL,850,False
964,ZERO,32,False
964,ZERO,71,False
964,ZERO,76,False
964,ZERO,208,False
964,ZERO,251,False
964,ZERO,775,False
964,ZERO,815,False
964,ZERO,850,False
965,NORMAL,61,False
965,NORMAL,163,False
965,NORMAL,199,False
965,NORMAL,744,False
965,NORMAL,756,False
965,NORMAL,925,False
966,NORMAL,61,False
966,NORMAL,163,False
966,NORMAL,166,False
966,NORMAL,199,False
966,NORMAL,744,False
966,NORMAL,756,False
966,NORMAL,925,False
967,NORMAL,52,False
967,NORMAL,89,False
967,NORMAL,279,False
967,NORMAL,785,False
967,NORMAL,814,False
968,NORMAL,12,False
968,NORMAL,37,False
968,NORMAL,45,False
968,NORMAL,765,False
968,NORMAL,798,False
969,NORMAL,39,False
969,NORMAL,55,False
969,NORMAL,60,False
969,NORMAL,759,False
969,NORMAL,829,False
970,NORMAL,39,False
970,NORMAL,55,False
970,NORMAL,60,False
970,NORMAL,259,False
970,NORMAL,759,False
970,NORMAL,829,False
971,NORMAL,9,False
971,NORMAL,43,False
971,NORMAL,242,False
971,NORMAL,734,False
971,NORMAL,744,False
972,NORMAL,9,False
972,NORMAL,43,False
972,NORMAL,57,False
972,NORMAL,242,False
972,NORMAL,734,False
972,NORMAL,744,False
973,NORMAL,22,False
973,NORMAL,152,False
973,NORMAL,305,False
973,NORMAL,742,False
973,NORMAL,879,False
974,NORMAL,89,False
974,NORMAL,150,False
974,NORMAL,164,False
974,NORMAL,749,False
974,NORMAL,753,False
974,NORMAL,776,False
975,NORMAL,89,False
975,NORMAL,150,False
975,NORMAL,164,False
975,NORMAL,205,False
975,NORMAL,246,False
975,NORMAL,749,False
975,NORMAL,753,False
975,NORMAL,776,False
976,NORMAL,23,False
976,NORMAL,71,False
976,NORMAL,175,False
976,NORMAL,242,False
976,NORMAL,766,False
976,NORMAL,857,False
977,NORMAL,73,False
977,NORMAL,173,False
977,NORMAL,180,False
977,NORMAL,270,False
977,NORMAL,762,False
977,NORMAL,815,False
978,CURLY,73,False
978,CURLY,173,False
978,CURLY,180,False
978,CURLY,210,False
978,CURLY,762,False
978,CURLY,814,False
978,DROOPY,73,False
978,DROOPY,173,False
978,DROOPY,180,False
978,DROOPY,210,False
978,DROOPY,762,False
978,DROOPY,814,False
978,NORMAL,73,False
978,NORMAL,173,False
978,NORMAL,180,False
978,NORMAL,210,False
978,NORMAL,762,False
978,NORMAL,814,False
978,STRETCHY,73,False
978,STRETCHY,173,False
978,STRETCHY,180,False
978,STRETCHY,210,False
978,STRETCHY,762,False
978,STRETCHY,814,False
979,NORMAL,14,False
979,NORMAL,28,False
979,NORMAL,31,False
979,NORMAL,43,False
979,NORMAL,141,False
979,NORMAL,298,True
979,NORMAL,739,False
979,NORMAL,775,False
980,NORMAL,7,True
980,NORMAL,12,False
980,NORMAL,13,False
980,NORMAL,59,False
980,NORMAL,71,False
980,NORMAL,199,False
980,NORMAL,748,False
980,NORMAL,768,False
981,NORMAL,49,False
981,NORMAL,74,False
981,NORMAL,172,False
981,NORMAL,242,False
981,NORMAL,753,False
981,NORMAL,767,False
981,NORMAL,879,False
982,NORMAL,9,False
982,NORMAL,23,False
982,NORMAL,38,False
982,NORMAL,89,False
982,NORMAL,734,False
982,NORMAL,785,False
982,NORMAL,795,False
982,NORMAL,891,False
982,THREE,9,False
982,THREE,23,False
982,THREE,38,False
982,THREE,89,False
982,THREE,734,False
982,THREE,785,False
982,THREE,795,False
982,THREE,891,False
982,TWO,9,False
982,TWO,23,False
982,TWO,38,False
982,TWO,89,False
982,TWO,734,False
982,TWO,785,False
982,TWO,795,False
982,TWO,891,False
983,NORMAL,3,False
983,NORMAL,45,False
983,NORMAL,66,False
983,NORMAL,143,False
983,NORMAL,176,False
983,NORMAL,760,False
983,NORMAL,810,False
983,NORMAL,925,False
984,NORMAL,91,False
984,NORMAL,763,False
985,NORMAL,91,False
985,NORMAL,763,False
986,NORMAL,91,False
986,NORMAL,763,False
987,NORMAL,91,False
987,NORMAL,763,False
988,NORMAL,91,False
988,NORMAL,763,False
989,NORMAL,91,False
989,NORMAL,763,False
990,NORMAL,91,False
990,NORMAL,763,False
991,NORMAL,91,False
991,NORMAL,763,False
992,NORMAL,91,False
992,NORMAL,763,False
993,NORMAL,91,False
993,NORMAL,763,False
994,NORMAL,91,False
994,NORMAL,763,False
995,NORMAL,91,False
995,NORMAL,763,False
996,NORMAL,52,False
996,NORMAL,76,False
996,NORMAL,150,False
996,NORMAL,173,False
996,NORMAL,736,False
996,NORMAL,857,False
997,NORMAL,52,False
997,NORMAL,76,False
997,NORMAL,150,False
997,NORMAL,173,False
997,NORMAL,736,False
997,NORMAL,857,False
998,NORMAL,20,False
998,NORMAL,52,False
998,NORMAL,76,False
998,NORMAL,150,False
998,NORMAL,173,False
998,NORMAL,736,False
998,NORMAL,857,False
999,COIN_A1,43,False
999,COIN_A1,795,False
999,NORMAL,43,False
999,NORMAL,795,False
1000,NORMAL,39,False
1000,NORMAL,43,False
1000,NORMAL,55,False
1000,NORMAL,143,False
1000,NORMAL,795,False
1000,NORMAL,796,False
1001,NORMAL,3,False
1001,NORMAL,168,False
1001,NORMAL,235,False
1001,NORMAL,810,False
1001,NORMAL,880,False
1002,NORMAL,3,False
1002,NORMAL,20,False
1002,NORMAL,150,False
1002,NORMAL,776,False
1002,NORMAL,810,False
1003,NORMAL,3,False
1003,NORMAL,12,False
1003,NORMAL,63,False
1003,NORMAL,748,False
1003,NORMAL,810,False
1004,NORMAL,3,False
1004,NORMAL,6,False
1004,NORMAL,67,False
1004,NORMAL,810,False
1004,NORMAL,874,False
1005,NORMAL,91,False
1005,NORMAL,763,False
1006,NORMAL,91,False
1006,NORMAL,763,False
1007,APEX,52,False
1007,APEX,141,False
1007,APEX,173,False
1007,APEX,215,False
1007,APEX,773,False
1007,APEX,785,False
1008,ULTIMATE,2,False
1008,ULTIMATE,48,False
1008,ULTIMATE,51,False
1008,ULTIMATE,173,False
1008,ULTIMATE,736,False
1008,ULTIMATE,737,False
1009,NORMAL,91,False
1009,NORMAL,763,False
1010,NORMAL,91,False
1010,NORMAL,763,False
1011,NORMAL,34,False
1011,NORMAL,51,False
1011,NORMAL,173,False
1011,NORMAL,785,False
1011,NORMAL,803,False
1011,NORMAL,891,False
1012,ARTISAN,43,False
1012,ARTISAN,169,False
1012,ARTISAN,263,False
1012,ARTISAN,795,False
1012,ARTISAN,880,False
1012,COUNTERFEIT,43,False
1012,COUNTERFEIT,169,False
1012,COUNTERFEIT,263,False
1012,COUNTERFEIT,795,False
1012,COUNTERFEIT,880,False
1012,NORMAL,43,False
1012,NORMAL,169,False
1012,NORMAL,263,False
1012,NORMAL,795,False
1012,NORMAL,880,False
1013,MASTERPIECE,43,False
1013,MASTERPIECE,169,False
1013,MASTERPIECE,263,False
1013,MASTERPIECE,795,False
1013,MASTERPIECE,880,False
1013,NORMAL,43,False
1013,NORMAL,169,False
1013,NORMAL,263,False
1013,NORMAL,795,False
1013,NORMAL,880,False
1013,UNREMARKABLE,43,False
1013,UNREMARKABLE,169,False
1013,UNREMARKABLE,263,False
1013,UNREMARKABLE,795,False
1013,UNREMARKABLE,880,False
1014,NORMAL,59,False
1014,NORMAL,205,False
1014,NORMAL,305,False
1014,NORMAL,756,False
1014,NORMAL,932,False
1015,NORMAL,59,False
1015,NORMAL,74,False
1015,NORMAL,171,False
1015,NORMAL,756,False
1015,NORMAL,767,False
1016,NORMAL,53,False
1016,NORMAL,56,False
1016,NORMAL,59,False
1016,NORMAL,756,False
1016,NORMAL,850,False
1017,NORMAL,57,False
1017,NORMAL,81,False
1017,NORMAL,168,False
1017,NORMAL,746,False
1017,NORMAL,879,False
1017,NORMAL,880,False
1018,NORMAL,2,False
1018,NORMAL,17,False
1018,NORMAL,52,False
1018,NORMAL,760,False
1018,NORMAL,785,False
1019,NORMAL,34,False
1019,NORMAL,51,False
1019,NORMAL,173,False
1019,NORMAL,785,False
1019,NORMAL,803,False
1019,NORMAL,891,False
1020,NORMAL,91,False
1020,NORMAL,763,False
1021,NORMAL,91,False
1021,NORMAL,763,False
1022,NORMAL,91,False
1022,NORMAL,763,False
1023,NORMAL,91,False
1023,NORMAL,763,False
1024,NORMAL,91,False
1024,NORMAL,814,False
1025,NORMAL,43,False
1025,NORMAL,61,False
1025,NORMAL,263,False
1025,NORMAL,795,False
